-- MySQL dump 10.13  Distrib 5.6.23, for Win64 (x86_64)
--
-- Host: 127.0.0.1    Database: ofertasgt
-- ------------------------------------------------------
-- Server version	5.6.21

/*!40101 SET @OLD_CHARACTER_SET_CLIENT=@@CHARACTER_SET_CLIENT */;
/*!40101 SET @OLD_CHARACTER_SET_RESULTS=@@CHARACTER_SET_RESULTS */;
/*!40101 SET @OLD_COLLATION_CONNECTION=@@COLLATION_CONNECTION */;
/*!40101 SET NAMES utf8 */;
/*!40103 SET @OLD_TIME_ZONE=@@TIME_ZONE */;
/*!40103 SET TIME_ZONE='+00:00' */;
/*!40014 SET @OLD_UNIQUE_CHECKS=@@UNIQUE_CHECKS, UNIQUE_CHECKS=0 */;
/*!40014 SET @OLD_FOREIGN_KEY_CHECKS=@@FOREIGN_KEY_CHECKS, FOREIGN_KEY_CHECKS=0 */;
/*!40101 SET @OLD_SQL_MODE=@@SQL_MODE, SQL_MODE='NO_AUTO_VALUE_ON_ZERO' */;
/*!40111 SET @OLD_SQL_NOTES=@@SQL_NOTES, SQL_NOTES=0 */;

--
-- Table structure for table `categoria`
--

DROP TABLE IF EXISTS `categoria`;
/*!40101 SET @saved_cs_client     = @@character_set_client */;
/*!40101 SET character_set_client = utf8 */;
CREATE TABLE `categoria` (
  `categoria_id` int(10) unsigned NOT NULL AUTO_INCREMENT COMMENT 'Un idendificador autoincremental y arbitrario para la tabla.',
  `nombre` varchar(50) NOT NULL COMMENT 'El nombre de la categoría.',
  `estado` enum('Y','N') NOT NULL COMMENT 'Estado activado o desactivado.',
  `modificado` datetime NOT NULL DEFAULT CURRENT_TIMESTAMP COMMENT 'Fecha de última modificación.',
  `usuario_id` int(10) unsigned NOT NULL COMMENT 'Último usuario que lo modificó.',
  PRIMARY KEY (`categoria_id`),
  KEY `fk_usuario_id_idx` (`usuario_id`),
  CONSTRAINT `fk_usuario_id_categoria` FOREIGN KEY (`usuario_id`) REFERENCES `usuario` (`usuario_id`) ON DELETE CASCADE ON UPDATE CASCADE
) ENGINE=InnoDB AUTO_INCREMENT=8 DEFAULT CHARSET=utf8 COMMENT='Este es el listado de categorías de ofertas y su estado activo/inactivo.';
/*!40101 SET character_set_client = @saved_cs_client */;

--
-- Dumping data for table `categoria`
--

LOCK TABLES `categoria` WRITE;
/*!40000 ALTER TABLE `categoria` DISABLE KEYS */;
INSERT INTO `categoria` VALUES (4,'Vacaciones','Y','2015-04-09 13:04:35',2),(5,'Masajes','Y','2015-04-10 07:52:47',2),(6,'Comida','Y','2015-04-09 14:35:35',2),(7,'Chicles','Y','2015-04-10 09:37:49',2);
/*!40000 ALTER TABLE `categoria` ENABLE KEYS */;
UNLOCK TABLES;

--
-- Table structure for table `empresa`
--

DROP TABLE IF EXISTS `empresa`;
/*!40101 SET @saved_cs_client     = @@character_set_client */;
/*!40101 SET character_set_client = utf8 */;
CREATE TABLE `empresa` (
  `empresa_id` int(10) unsigned NOT NULL AUTO_INCREMENT COMMENT 'Un idendificador autoincremental y arbitrario para la tabla.',
  `nombre` varchar(100) NOT NULL COMMENT 'Nombre de la empresa.',
  `usuario_id` int(10) unsigned NOT NULL COMMENT 'El usuario que es propietario de ésta empresa.',
  `telefonos` varchar(100) NOT NULL COMMENT 'Un arreglo almacenado en formato JSON donde están los teléfonos de la empresa.',
  `correo` varchar(100) NOT NULL COMMENT 'Correo electrónico de la empresa.',
  `web` varchar(255) DEFAULT NULL COMMENT 'Sitio Web de la empresa.',
  `direccion` text NOT NULL COMMENT 'Dirección física de la empresa. Aquí va departamento, municipio, etc.',
  `estado` enum('Y','N') NOT NULL COMMENT 'Si está activa Y, si no lo está N.',
  `modificado` datetime NOT NULL DEFAULT CURRENT_TIMESTAMP COMMENT 'Fecha de última modificación.',
  PRIMARY KEY (`empresa_id`),
  KEY `fk_usuario_id_idx` (`usuario_id`),
  CONSTRAINT `fk_usuario_id_empresa` FOREIGN KEY (`usuario_id`) REFERENCES `usuario` (`usuario_id`) ON DELETE CASCADE ON UPDATE CASCADE
) ENGINE=InnoDB AUTO_INCREMENT=4 DEFAULT CHARSET=utf8 COMMENT='Contiene los datos básicos de cada empresa.';
/*!40101 SET character_set_client = @saved_cs_client */;

--
-- Dumping data for table `empresa`
--

LOCK TABLES `empresa` WRITE;
/*!40000 ALTER TABLE `empresa` DISABLE KEYS */;
INSERT INTO `empresa` VALUES (1,'Chicleros, S.A.',5,'{\"telefono1\":\"45678912\",\"telefono2\":\"76543218\",\"telefono3\":\"32165487\"}','ventas@chicleros.com','http://www.chicleros.com','5ta. Avenida 8-06, Zona 9, Guatemala','N','2015-04-10 15:28:04'),(2,'hkjhkjhkj',5,'{\"telefono1\":\"kjhfgghfhjgfjh\",\"telefono2\":\"ghjgfjhgkjhf\",\"telefono3\":\"kgkjhg\"}','asdf@asfasdf.com','http://www.asdf.com','jjjjjjjjjjjj','N','2015-04-10 15:42:35'),(3,'kkkkkkk',5,'{\"telefono1\":\"kkkkkkkkkkk\",\"telefono2\":\"llllllllll\",\"telefono3\":\"hhhhhhhhh\"}','asdf@localhost.net','http://www.djdkd.net','kkkkkkkkk','N','2015-04-10 15:43:02');
/*!40000 ALTER TABLE `empresa` ENABLE KEYS */;
UNLOCK TABLES;

--
-- Table structure for table `metodo`
--

DROP TABLE IF EXISTS `metodo`;
/*!40101 SET @saved_cs_client     = @@character_set_client */;
/*!40101 SET character_set_client = utf8 */;
CREATE TABLE `metodo` (
  `metodo_id` int(10) unsigned NOT NULL AUTO_INCREMENT COMMENT 'Un idendificador autoincremental y arbitrario para la tabla.',
  `nombre` varchar(45) NOT NULL COMMENT 'Nombre del método de pago.',
  `imagen` varchar(45) NOT NULL COMMENT 'Nombre de la imagen que representa al método de pago.',
  `codigo` text COMMENT 'Código de forma de pago para incrustar en el sitio si tiene.',
  `estado` enum('Y','N') NOT NULL COMMENT 'Si está activo Y, si no lo está N.',
  PRIMARY KEY (`metodo_id`)
) ENGINE=InnoDB AUTO_INCREMENT=3 DEFAULT CHARSET=utf8 COMMENT='Almacena los métodos de pago.';
/*!40101 SET character_set_client = @saved_cs_client */;

--
-- Dumping data for table `metodo`
--

LOCK TABLES `metodo` WRITE;
/*!40000 ALTER TABLE `metodo` DISABLE KEYS */;
INSERT INTO `metodo` VALUES (1,'Tarjeta de crédito Visa','visa.png',NULL,'Y'),(2,'Tarjeta de crédito MasterCard','mastercard.png',NULL,'Y');
/*!40000 ALTER TABLE `metodo` ENABLE KEYS */;
UNLOCK TABLES;

--
-- Table structure for table `metodo_empresa`
--

DROP TABLE IF EXISTS `metodo_empresa`;
/*!40101 SET @saved_cs_client     = @@character_set_client */;
/*!40101 SET character_set_client = utf8 */;
CREATE TABLE `metodo_empresa` (
  `metodo_id` int(10) unsigned NOT NULL COMMENT 'Id del método de pago.',
  `empresa_id` int(10) unsigned NOT NULL COMMENT 'Id de la empresa.',
  `fecha` datetime NOT NULL DEFAULT CURRENT_TIMESTAMP COMMENT 'Fecha de la última modificación.',
  KEY `fk_metodo_id_idx` (`metodo_id`),
  KEY `fk_empresa_id_idx` (`empresa_id`),
  CONSTRAINT `fk_empresa_id` FOREIGN KEY (`empresa_id`) REFERENCES `empresa` (`empresa_id`) ON DELETE CASCADE ON UPDATE CASCADE,
  CONSTRAINT `fk_metodo_id` FOREIGN KEY (`metodo_id`) REFERENCES `metodo` (`metodo_id`) ON DELETE CASCADE ON UPDATE CASCADE
) ENGINE=InnoDB DEFAULT CHARSET=utf8 COMMENT='Métodos de pago asignados a una empresa.';
/*!40101 SET character_set_client = @saved_cs_client */;

--
-- Dumping data for table `metodo_empresa`
--

LOCK TABLES `metodo_empresa` WRITE;
/*!40000 ALTER TABLE `metodo_empresa` DISABLE KEYS */;
INSERT INTO `metodo_empresa` VALUES (1,1,'2015-04-10 15:28:04'),(2,2,'2015-04-10 15:42:35'),(2,3,'2015-04-10 15:43:02'),(1,3,'2015-04-10 15:43:02');
/*!40000 ALTER TABLE `metodo_empresa` ENABLE KEYS */;
UNLOCK TABLES;

--
-- Table structure for table `opcion`
--

DROP TABLE IF EXISTS `opcion`;
/*!40101 SET @saved_cs_client     = @@character_set_client */;
/*!40101 SET character_set_client = utf8 */;
CREATE TABLE `opcion` (
  `opcion_id` int(11) NOT NULL AUTO_INCREMENT COMMENT 'Un idendificador autoincremental y arbitrario para la tabla.',
  `nombre` varchar(45) NOT NULL COMMENT 'El nombre de la opción.',
  `valor` text NOT NULL COMMENT 'El valor de la opción.',
  PRIMARY KEY (`opcion_id`)
) ENGINE=InnoDB AUTO_INCREMENT=5 DEFAULT CHARSET=utf8 COMMENT='Una serie de opciones que pueden servir para realizar ciertas operaciones a nivel global.';
/*!40101 SET character_set_client = @saved_cs_client */;

--
-- Dumping data for table `opcion`
--

LOCK TABLES `opcion` WRITE;
/*!40000 ALTER TABLE `opcion` DISABLE KEYS */;
INSERT INTO `opcion` VALUES (1,'paginaresultados','10'),(2,'intentos','3'),(3,'claveminima','8'),(4,'minssesion','15');
/*!40000 ALTER TABLE `opcion` ENABLE KEYS */;
UNLOCK TABLES;

--
-- Table structure for table `permiso`
--

DROP TABLE IF EXISTS `permiso`;
/*!40101 SET @saved_cs_client     = @@character_set_client */;
/*!40101 SET character_set_client = utf8 */;
CREATE TABLE `permiso` (
  `permiso_id` int(10) unsigned NOT NULL AUTO_INCREMENT COMMENT 'Un idendificador autoincremental y arbitrario para la tabla.',
  `nombre` varchar(45) NOT NULL COMMENT 'Nombre del permiso.',
  `llave` varchar(45) NOT NULL COMMENT 'Llave del permiso.',
  PRIMARY KEY (`permiso_id`)
) ENGINE=InnoDB AUTO_INCREMENT=13 DEFAULT CHARSET=utf8 COMMENT='Tabla que almacena los permisos con su nombre y llave.';
/*!40101 SET character_set_client = @saved_cs_client */;

--
-- Dumping data for table `permiso`
--

LOCK TABLES `permiso` WRITE;
/*!40000 ALTER TABLE `permiso` DISABLE KEYS */;
INSERT INTO `permiso` VALUES (1,'Acceso Administrativo','acceso_administrativo'),(2,'Modificar Permisos','modificar_permisos'),(3,'Modificar Roles','modificar_roles'),(4,'Modificar Usuarios','modificar_usuarios'),(7,'Modificar Empresas','modificar_empresas'),(8,'Modificar Categorías','modificar_categorias'),(10,'Activación de empresas','activar_empresas');
/*!40000 ALTER TABLE `permiso` ENABLE KEYS */;
UNLOCK TABLES;

--
-- Table structure for table `permiso_usuario`
--

DROP TABLE IF EXISTS `permiso_usuario`;
/*!40101 SET @saved_cs_client     = @@character_set_client */;
/*!40101 SET character_set_client = utf8 */;
CREATE TABLE `permiso_usuario` (
  `permiso_usuario_id` int(10) unsigned NOT NULL AUTO_INCREMENT COMMENT 'Un idendificador autoincremental y arbitrario para la tabla.',
  `usuario_id` int(10) unsigned NOT NULL COMMENT 'Id del usuario.',
  `permiso_id` int(10) unsigned NOT NULL COMMENT 'Id del permiso.',
  `valor` tinyint(1) NOT NULL COMMENT 'Valor que representa si el usuario tiene permiso o no tiene permiso o no lo tiene asignado.',
  `fecha` datetime NOT NULL DEFAULT CURRENT_TIMESTAMP COMMENT 'Fecha de la creación/modificación.',
  PRIMARY KEY (`permiso_usuario_id`),
  KEY `fk_usuario_id_idx` (`usuario_id`),
  KEY `fk_permiso_id_idx` (`permiso_id`),
  CONSTRAINT `fk_permiso_id_permiso_usuario` FOREIGN KEY (`permiso_id`) REFERENCES `permiso` (`permiso_id`) ON DELETE CASCADE ON UPDATE CASCADE,
  CONSTRAINT `fk_usuario_id_permiso_usuario` FOREIGN KEY (`usuario_id`) REFERENCES `usuario` (`usuario_id`) ON DELETE CASCADE ON UPDATE CASCADE
) ENGINE=InnoDB AUTO_INCREMENT=16 DEFAULT CHARSET=utf8 COMMENT='Acá se almacena las asignaciones de permisos a usuarios.';
/*!40101 SET character_set_client = @saved_cs_client */;

--
-- Dumping data for table `permiso_usuario`
--

LOCK TABLES `permiso_usuario` WRITE;
/*!40000 ALTER TABLE `permiso_usuario` DISABLE KEYS */;
/*!40000 ALTER TABLE `permiso_usuario` ENABLE KEYS */;
UNLOCK TABLES;

--
-- Table structure for table `registro`
--

DROP TABLE IF EXISTS `registro`;
/*!40101 SET @saved_cs_client     = @@character_set_client */;
/*!40101 SET character_set_client = utf8 */;
CREATE TABLE `registro` (
  `registro_id` int(10) unsigned NOT NULL AUTO_INCREMENT COMMENT 'Un idendificador autoincremental y arbitrario para la tabla.',
  `usuario_id` int(10) unsigned NOT NULL COMMENT 'El id del usuario, si es que hay, del que generó la actividad.',
  `area` varchar(50) NOT NULL COMMENT 'El área del sistema donde ocurrió el evento.',
  `contenido` text NOT NULL COMMENT 'El contenido del registro.',
  `fecha` datetime NOT NULL DEFAULT CURRENT_TIMESTAMP COMMENT 'Fecha y hora del evento.',
  `ip` varchar(45) NOT NULL COMMENT 'IP desde donde se generó el evento.',
  `navegador` tinytext NOT NULL COMMENT 'El navegador del cliente que se utilizó.',
  `error` enum('Y','N') NOT NULL COMMENT 'Si fue un error Y, si no lo fue N.',
  PRIMARY KEY (`registro_id`),
  KEY `fk_usuario_id_idx` (`usuario_id`),
  CONSTRAINT `fk_usuario_id_registro` FOREIGN KEY (`usuario_id`) REFERENCES `usuario` (`usuario_id`) ON DELETE CASCADE ON UPDATE CASCADE
) ENGINE=InnoDB AUTO_INCREMENT=466 DEFAULT CHARSET=utf8 COMMENT='Este es el almacén para todos los eventos que se registran.';
/*!40101 SET character_set_client = @saved_cs_client */;

--
-- Dumping data for table `registro`
--

LOCK TABLES `registro` WRITE;
/*!40000 ALTER TABLE `registro` DISABLE KEYS */;
INSERT INTO `registro` VALUES (1,0,'área ñandú','contenido del registro','2015-04-06 11:03:55','127.0.0.1','Mozilla/5.0 (Windows NT 6.1; WOW64; rv:36.0) Gecko/20100101 Firefox/36.0','N'),(2,0,'área ñandússss','contenido del registro','2015-04-06 11:04:55','127.0.0.1','Mozilla/5.0 (Windows NT 6.1; WOW64; rv:36.0) Gecko/20100101 Firefox/36.0','Y'),(3,0,'áéíóú','ñañasdk asldkj ñlj ñlkjasd | ajsdlñk ','2015-04-06 11:04:55','127.0.0.1','Mozilla/5.0 (Windows NT 6.1; WOW64; rv:36.0) Gecko/20100101 Firefox/36.0','N'),(4,0,'Obtener opción','1146: Table \'ofertasgt.opciones\' doesn\'t exist','2015-04-06 12:44:31','127.0.0.1','Mozilla/5.0 (Windows NT 6.1; WOW64; rv:36.0) Gecko/20100101 Firefox/36.0','Y'),(5,0,'Obtener opción','1054: Unknown column \'nopcion\' in \'field list\'','2015-04-06 12:45:00','127.0.0.1','Mozilla/5.0 (Windows NT 6.1; WOW64; rv:36.0) Gecko/20100101 Firefox/36.0','Y'),(6,0,'Obtener opción','1054: Unknown column \'nopcion\' in \'field list\'','2015-04-06 12:45:11','127.0.0.1','Mozilla/5.0 (Windows NT 6.1; WOW64; rv:36.0) Gecko/20100101 Firefox/36.0','Y'),(7,0,'Obtener opción','1054: Unknown column \'nopcion\' in \'where clause\'','2015-04-06 12:45:49','127.0.0.1','Mozilla/5.0 (Windows NT 6.1; WOW64; rv:36.0) Gecko/20100101 Firefox/36.0','Y'),(8,0,'Obtener opción','0: ','2015-04-07 08:20:28','127.0.0.1','Mozilla/5.0 (Windows NT 6.1; WOW64; rv:37.0) Gecko/20100101 Firefox/37.0','Y'),(10,0,'Manejo de Usuarios','1146: Table \'ofertasgt.usuarios\' doesn\'t exist','2015-04-07 09:05:11','127.0.0.1','Mozilla/5.0 (Windows NT 6.1; WOW64; rv:37.0) Gecko/20100101 Firefox/37.0','Y'),(11,0,'Manejo de Usuarios','1146: Table \'ofertasgt.usuarios\' doesn\'t exist','2015-04-07 09:05:16','127.0.0.1','Mozilla/5.0 (Windows NT 6.1; WOW64; rv:37.0) Gecko/20100101 Firefox/37.0','Y'),(12,0,'Manejo de Usuarios','1146: Table \'ofertasgt.usuarios\' doesn\'t exist','2015-04-07 09:08:02','127.0.0.1','Mozilla/5.0 (Windows NT 6.1; WOW64; rv:37.0) Gecko/20100101 Firefox/37.0','Y'),(13,0,'Manejo de Usuarios','1146: Table \'ofertasgt.usuarios\' doesn\'t exist','2015-04-07 09:12:03','127.0.0.1','Mozilla/5.0 (Windows NT 6.1; WOW64; rv:37.0) Gecko/20100101 Firefox/37.0','Y'),(14,0,'Manejo de Usuarios','Nuevo usuario agregado: usuario123.','2015-04-07 09:12:53','127.0.0.1','Mozilla/5.0 (Windows NT 6.1; WOW64; rv:37.0) Gecko/20100101 Firefox/37.0','N'),(15,0,'Manejo de Usuarios','Nuevo usuario agregado: edrperez.','2015-04-07 09:13:29','127.0.0.1','Mozilla/5.0 (Windows NT 6.1; WOW64; rv:37.0) Gecko/20100101 Firefox/37.0','N'),(16,0,'Manejo de Usuarios','Nuevo usuario agregado: julio.','2015-04-07 09:15:47','127.0.0.1','Mozilla/5.0 (Windows NT 6.1; WOW64; rv:37.0) Gecko/20100101 Firefox/37.0','N'),(17,0,'Obtener opción','0: ','2015-04-07 10:07:43','127.0.0.1','Mozilla/5.0 (Windows NT 6.1; WOW64; rv:37.0) Gecko/20100101 Firefox/37.0','Y'),(18,2,'Acceso','Sesión iniciada.','2015-04-07 10:11:35','127.0.0.1','Mozilla/5.0 (Windows NT 6.1; WOW64; rv:37.0) Gecko/20100101 Firefox/37.0','N'),(19,2,'Acceso','Sesión terminada.','2015-04-07 10:21:16','127.0.0.1','Mozilla/5.0 (Windows NT 6.1; WOW64; rv:37.0) Gecko/20100101 Firefox/37.0','N'),(20,2,'Acceso','Sesión iniciada.','2015-04-07 10:40:31','127.0.0.1','Mozilla/5.0 (Windows NT 6.1; WOW64; rv:37.0) Gecko/20100101 Firefox/37.0','N'),(21,2,'Acceso','Sesión terminada.','2015-04-07 10:42:47','127.0.0.1','Mozilla/5.0 (Windows NT 6.1; WOW64; rv:37.0) Gecko/20100101 Firefox/37.0','N'),(22,2,'Acceso','Sesión iniciada.','2015-04-07 10:42:54','127.0.0.1','Mozilla/5.0 (Windows NT 6.1; WOW64; rv:37.0) Gecko/20100101 Firefox/37.0','N'),(23,2,'Acceso','Sesión terminada.','2015-04-07 10:43:15','127.0.0.1','Mozilla/5.0 (Windows NT 6.1; WOW64; rv:37.0) Gecko/20100101 Firefox/37.0','N'),(24,2,'Acceso','Sesión iniciada.','2015-04-07 10:43:20','127.0.0.1','Mozilla/5.0 (Windows NT 6.1; WOW64; rv:37.0) Gecko/20100101 Firefox/37.0','N'),(25,2,'Acceso','Sesión iniciada.','2015-04-07 10:47:45','127.0.0.1','Mozilla/5.0 (Windows NT 6.1; WOW64; rv:37.0) Gecko/20100101 Firefox/37.0','N'),(26,2,'Acceso','Sesión iniciada.','2015-04-07 10:48:06','127.0.0.1','Mozilla/5.0 (Windows NT 6.1; WOW64; rv:37.0) Gecko/20100101 Firefox/37.0','N'),(27,2,'Acceso','Intento de inicio de sesión con el usuario edrperez.','2015-04-07 10:48:47','127.0.0.1','Mozilla/5.0 (Windows NT 6.1; WOW64; rv:37.0) Gecko/20100101 Firefox/37.0','N'),(28,2,'Acceso','Intento de inicio de sesión con el usuario edrperez.','2015-04-07 10:49:13','127.0.0.1','Mozilla/5.0 (Windows NT 6.1; WOW64; rv:37.0) Gecko/20100101 Firefox/37.0','N'),(29,2,'Acceso','Intento de inicio de sesión con el usuario edrperez.','2015-04-07 10:49:15','127.0.0.1','Mozilla/5.0 (Windows NT 6.1; WOW64; rv:37.0) Gecko/20100101 Firefox/37.0','N'),(30,2,'Acceso','Sesión iniciada.','2015-04-07 10:50:02','127.0.0.1','Mozilla/5.0 (Windows NT 6.1; WOW64; rv:37.0) Gecko/20100101 Firefox/37.0','N'),(31,2,'Manejo de Usuarios','Nuevo usuario agregado: asdfasdf.','2015-04-07 11:02:46','127.0.0.1','Mozilla/5.0 (Windows NT 6.1; WOW64; rv:37.0) Gecko/20100101 Firefox/37.0','N'),(32,2,'Acceso','Sesión terminada.','2015-04-07 11:03:02','127.0.0.1','Mozilla/5.0 (Windows NT 6.1; WOW64; rv:37.0) Gecko/20100101 Firefox/37.0','N'),(33,4,'Acceso','Sesión iniciada.','2015-04-07 11:03:09','127.0.0.1','Mozilla/5.0 (Windows NT 6.1; WOW64; rv:37.0) Gecko/20100101 Firefox/37.0','N'),(34,4,'Acceso','Sesión terminada.','2015-04-07 11:03:34','127.0.0.1','Mozilla/5.0 (Windows NT 6.1; WOW64; rv:37.0) Gecko/20100101 Firefox/37.0','N'),(35,2,'Acceso','Sesión iniciada.','2015-04-07 11:03:39','127.0.0.1','Mozilla/5.0 (Windows NT 6.1; WOW64; rv:37.0) Gecko/20100101 Firefox/37.0','N'),(36,2,'Manejo de Usuarios','Usuario editado: 4|asdfasdf.','2015-04-07 11:36:48','127.0.0.1','Mozilla/5.0 (Windows NT 6.1; WOW64; rv:37.0) Gecko/20100101 Firefox/37.0','N'),(37,2,'Manejo de Usuarios','Usuario editado: 4|asdfasdf.','2015-04-07 11:37:18','127.0.0.1','Mozilla/5.0 (Windows NT 6.1; WOW64; rv:37.0) Gecko/20100101 Firefox/37.0','N'),(38,2,'Acceso','Sesión terminada.','2015-04-07 11:37:41','127.0.0.1','Mozilla/5.0 (Windows NT 6.1; WOW64; rv:37.0) Gecko/20100101 Firefox/37.0','N'),(39,4,'Acceso','Intento de inicio de sesión con el usuario asdfasdf.','2015-04-07 11:37:48','127.0.0.1','Mozilla/5.0 (Windows NT 6.1; WOW64; rv:37.0) Gecko/20100101 Firefox/37.0','N'),(40,4,'Acceso','Sesión iniciada.','2015-04-07 11:37:55','127.0.0.1','Mozilla/5.0 (Windows NT 6.1; WOW64; rv:37.0) Gecko/20100101 Firefox/37.0','N'),(41,4,'Acceso','Sesión terminada.','2015-04-07 11:37:58','127.0.0.1','Mozilla/5.0 (Windows NT 6.1; WOW64; rv:37.0) Gecko/20100101 Firefox/37.0','N'),(42,2,'Acceso','Sesión iniciada.','2015-04-07 11:38:02','127.0.0.1','Mozilla/5.0 (Windows NT 6.1; WOW64; rv:37.0) Gecko/20100101 Firefox/37.0','N'),(43,2,'Manejo de Usuarios','Usuario editado: 4|asdfasdf.','2015-04-07 11:38:23','127.0.0.1','Mozilla/5.0 (Windows NT 6.1; WOW64; rv:37.0) Gecko/20100101 Firefox/37.0','N'),(44,2,'Manejo de Usuarios','Usuario editado: 4|asdfasdf.','2015-04-07 11:45:29','127.0.0.1','Mozilla/5.0 (Windows NT 6.1; WOW64; rv:37.0) Gecko/20100101 Firefox/37.0','N'),(45,2,'Acceso','Sesión terminada por inactividad.','2015-04-07 13:16:25','127.0.0.1','Mozilla/5.0 (Windows NT 6.1; WOW64; rv:37.0) Gecko/20100101 Firefox/37.0','N'),(46,0,'','Usuario activado: 4.','2015-04-07 13:21:40','127.0.0.1','Mozilla/5.0 (Windows NT 6.1; WOW64; rv:37.0) Gecko/20100101 Firefox/37.0','N'),(47,0,'Manejo de Usuarios','Usuario desactivado: 4.','2015-04-07 13:24:08','127.0.0.1','Mozilla/5.0 (Windows NT 6.1; WOW64; rv:37.0) Gecko/20100101 Firefox/37.0','N'),(48,2,'Acceso','Sesión iniciada.','2015-04-07 13:24:39','127.0.0.1','Mozilla/5.0 (Windows NT 6.1; WOW64; rv:37.0) Gecko/20100101 Firefox/37.0','N'),(49,2,'Acceso','Sesión iniciada.','2015-04-07 13:33:07','127.0.0.1','Mozilla/5.0 (Windows NT 6.1; WOW64; rv:37.0) Gecko/20100101 Firefox/37.0','N'),(50,2,'Acceso','Sesión terminada por inactividad.','2015-04-07 14:08:57','127.0.0.1','Mozilla/5.0 (Windows NT 6.1; WOW64; rv:37.0) Gecko/20100101 Firefox/37.0','N'),(51,2,'Acceso','Sesión iniciada.','2015-04-07 14:09:05','127.0.0.1','Mozilla/5.0 (Windows NT 6.1; WOW64; rv:37.0) Gecko/20100101 Firefox/37.0','N'),(52,2,'Acceso','Sesión terminada por inactividad.','2015-04-07 14:43:34','127.0.0.1','Mozilla/5.0 (Windows NT 6.1; WOW64; rv:37.0) Gecko/20100101 Firefox/37.0','N'),(53,2,'Acceso','Sesión iniciada.','2015-04-07 14:43:39','127.0.0.1','Mozilla/5.0 (Windows NT 6.1; WOW64; rv:37.0) Gecko/20100101 Firefox/37.0','N'),(54,2,'Acceso','Sesión terminada por inactividad.','2015-04-07 15:13:10','127.0.0.1','Mozilla/5.0 (Windows NT 6.1; WOW64; rv:37.0) Gecko/20100101 Firefox/37.0','N'),(55,2,'Acceso','Sesión iniciada.','2015-04-07 15:13:34','127.0.0.1','Mozilla/5.0 (Windows NT 6.1; WOW64; rv:37.0) Gecko/20100101 Firefox/37.0','N'),(56,2,'','El permiso ha sido agregado: Acceso Administrativo acceso_administrativo','2015-04-07 15:13:51','127.0.0.1','Mozilla/5.0 (Windows NT 6.1; WOW64; rv:37.0) Gecko/20100101 Firefox/37.0','N'),(57,2,'','El permiso ha sido agregado: Modificar Permisos modificar_permisos','2015-04-07 15:14:38','127.0.0.1','Mozilla/5.0 (Windows NT 6.1; WOW64; rv:37.0) Gecko/20100101 Firefox/37.0','N'),(58,2,'','El permiso ha sido agregado: Modificar Roles modificar_roles','2015-04-07 15:15:14','127.0.0.1','Mozilla/5.0 (Windows NT 6.1; WOW64; rv:37.0) Gecko/20100101 Firefox/37.0','N'),(59,2,'','El permiso ha sido agregado: Modificar Usuarios modificar_usuarios','2015-04-07 15:15:25','127.0.0.1','Mozilla/5.0 (Windows NT 6.1; WOW64; rv:37.0) Gecko/20100101 Firefox/37.0','N'),(60,2,'','El permiso ha sido agregado: Permiso para borrar permiso_borrar','2015-04-07 15:15:44','127.0.0.1','Mozilla/5.0 (Windows NT 6.1; WOW64; rv:37.0) Gecko/20100101 Firefox/37.0','N'),(61,2,'','El permiso ha sido agregado: Modificar Categor','2015-04-07 15:30:52','127.0.0.1','Mozilla/5.0 (Windows NT 6.1; WOW64; rv:37.0) Gecko/20100101 Firefox/37.0','N'),(62,2,'','El permiso ha sido agregado: Modificar Empresas modificar_empresas','2015-04-07 15:31:05','127.0.0.1','Mozilla/5.0 (Windows NT 6.1; WOW64; rv:37.0) Gecko/20100101 Firefox/37.0','N'),(63,2,'','El permiso ha sido agregado: Modificar Categorías modificar_categorias','2015-04-07 15:32:34','127.0.0.1','Mozilla/5.0 (Windows NT 6.1; WOW64; rv:37.0) Gecko/20100101 Firefox/37.0','N'),(64,2,'Acceso','Sesión terminada por inactividad.','2015-04-07 16:16:03','127.0.0.1','Mozilla/5.0 (Windows NT 6.1; WOW64; rv:37.0) Gecko/20100101 Firefox/37.0','N'),(65,2,'Acceso','Sesión iniciada.','2015-04-07 16:16:08','127.0.0.1','Mozilla/5.0 (Windows NT 6.1; WOW64; rv:37.0) Gecko/20100101 Firefox/37.0','N'),(66,0,'ACL','1146: Table \'ofertasgt.rol_usuario\' doesn\'t exist','2015-04-07 16:20:57','127.0.0.1','Mozilla/5.0 (Windows NT 6.1; WOW64; rv:37.0) Gecko/20100101 Firefox/37.0','Y'),(67,0,'ACL','1146: Table \'ofertasgt.rol_usuario\' doesn\'t exist','2015-04-07 16:21:22','127.0.0.1','Mozilla/5.0 (Windows NT 6.1; WOW64; rv:37.0) Gecko/20100101 Firefox/37.0','Y'),(68,2,'','El permiso ha sido agregado: ASDF asdf','2015-04-07 16:25:08','127.0.0.1','Mozilla/5.0 (Windows NT 6.1; WOW64; rv:37.0) Gecko/20100101 Firefox/37.0','N'),(69,2,'',': 9 asdf123.','2015-04-07 16:32:54','127.0.0.1','Mozilla/5.0 (Windows NT 6.1; WOW64; rv:37.0) Gecko/20100101 Firefox/37.0','N'),(70,2,'','El permiso ha sido editado : 9 asdf456.','2015-04-07 16:33:31','127.0.0.1','Mozilla/5.0 (Windows NT 6.1; WOW64; rv:37.0) Gecko/20100101 Firefox/37.0','N'),(71,2,'','El permiso ha sido editado : 5.','2015-04-07 16:34:33','127.0.0.1','Mozilla/5.0 (Windows NT 6.1; WOW64; rv:37.0) Gecko/20100101 Firefox/37.0','N'),(72,2,'Acceso','Sesión terminada por inactividad.','2015-04-08 06:30:44','127.0.0.1','Mozilla/5.0 (Windows NT 6.1; WOW64; rv:37.0) Gecko/20100101 Firefox/37.0','N'),(73,2,'Acceso','Sesión iniciada.','2015-04-08 06:30:49','127.0.0.1','Mozilla/5.0 (Windows NT 6.1; WOW64; rv:37.0) Gecko/20100101 Firefox/37.0','N'),(74,2,'Acceso','Sesión terminada por inactividad.','2015-04-08 09:51:15','127.0.0.1','Mozilla/5.0 (Windows NT 6.1; WOW64; rv:37.0) Gecko/20100101 Firefox/37.0','N'),(75,2,'Acceso','Sesión iniciada.','2015-04-08 09:51:21','127.0.0.1','Mozilla/5.0 (Windows NT 6.1; WOW64; rv:37.0) Gecko/20100101 Firefox/37.0','N'),(76,2,'','El permiso ha sido editado : 5.','2015-04-08 10:31:52','127.0.0.1','Mozilla/5.0 (Windows NT 6.1; WOW64; rv:37.0) Gecko/20100101 Firefox/37.0','N'),(77,2,'','El permiso ha sido editado : 5.','2015-04-08 10:32:01','127.0.0.1','Mozilla/5.0 (Windows NT 6.1; WOW64; rv:37.0) Gecko/20100101 Firefox/37.0','N'),(78,2,'','Se ha eliminado el permiso: 5.','2015-04-08 10:40:36','127.0.0.1','Mozilla/5.0 (Windows NT 6.1; WOW64; rv:37.0) Gecko/20100101 Firefox/37.0','N'),(79,2,'','Se han eliminado las asignaciones de este permiso a los roles: 5.','2015-04-08 10:40:36','127.0.0.1','Mozilla/5.0 (Windows NT 6.1; WOW64; rv:37.0) Gecko/20100101 Firefox/37.0','N'),(80,2,'','Se han eliminado las asignaciones de este permiso a los usuarios: 5.','2015-04-08 10:40:36','127.0.0.1','Mozilla/5.0 (Windows NT 6.1; WOW64; rv:37.0) Gecko/20100101 Firefox/37.0','N'),(81,2,'','El permiso ha sido editado : 9.','2015-04-08 10:40:47','127.0.0.1','Mozilla/5.0 (Windows NT 6.1; WOW64; rv:37.0) Gecko/20100101 Firefox/37.0','N'),(82,2,'','Se ha eliminado el permiso: 9.','2015-04-08 10:40:55','127.0.0.1','Mozilla/5.0 (Windows NT 6.1; WOW64; rv:37.0) Gecko/20100101 Firefox/37.0','N'),(83,2,'','Se han eliminado las asignaciones de este permiso a los roles: 9.','2015-04-08 10:40:55','127.0.0.1','Mozilla/5.0 (Windows NT 6.1; WOW64; rv:37.0) Gecko/20100101 Firefox/37.0','N'),(84,2,'','Se han eliminado las asignaciones de este permiso a los usuarios: 9.','2015-04-08 10:40:55','127.0.0.1','Mozilla/5.0 (Windows NT 6.1; WOW64; rv:37.0) Gecko/20100101 Firefox/37.0','N'),(85,2,'','El permiso ha sido agregado: Activación de empresas activar_empresas','2015-04-08 10:43:50','127.0.0.1','Mozilla/5.0 (Windows NT 6.1; WOW64; rv:37.0) Gecko/20100101 Firefox/37.0','N'),(86,2,'Acceso','Sesión terminada por inactividad.','2015-04-08 11:06:35','127.0.0.1','Mozilla/5.0 (Windows NT 6.1; WOW64; rv:37.0) Gecko/20100101 Firefox/37.0','N'),(87,2,'Acceso','Sesión iniciada.','2015-04-08 11:06:39','127.0.0.1','Mozilla/5.0 (Windows NT 6.1; WOW64; rv:37.0) Gecko/20100101 Firefox/37.0','N'),(88,2,'Acceso','Sesión terminada por inactividad.','2015-04-08 12:01:22','127.0.0.1','Mozilla/5.0 (Windows NT 6.1; WOW64; rv:37.0) Gecko/20100101 Firefox/37.0','N'),(89,2,'Acceso','Sesión iniciada.','2015-04-08 12:01:27','127.0.0.1','Mozilla/5.0 (Windows NT 6.1; WOW64; rv:37.0) Gecko/20100101 Firefox/37.0','N'),(90,2,'Acceso','Sesión terminada por inactividad.','2015-04-08 12:31:08','127.0.0.1','Mozilla/5.0 (Windows NT 6.1; WOW64; rv:37.0) Gecko/20100101 Firefox/37.0','N'),(91,2,'Acceso','Sesión iniciada.','2015-04-08 12:31:14','127.0.0.1','Mozilla/5.0 (Windows NT 6.1; WOW64; rv:37.0) Gecko/20100101 Firefox/37.0','N'),(92,2,'Acceso','Sesión terminada por inactividad.','2015-04-08 13:13:08','127.0.0.1','Mozilla/5.0 (Windows NT 6.1; WOW64; rv:37.0) Gecko/20100101 Firefox/37.0','N'),(93,2,'Acceso','Sesión iniciada.','2015-04-08 13:13:14','127.0.0.1','Mozilla/5.0 (Windows NT 6.1; WOW64; rv:37.0) Gecko/20100101 Firefox/37.0','N'),(94,2,'Manejo de roles','El rol ha sido editado : 1.','2015-04-08 13:57:42','127.0.0.1','Mozilla/5.0 (Windows NT 6.1; WOW64; rv:37.0) Gecko/20100101 Firefox/37.0','N'),(95,2,'Manejo de roles','El rol ha sido editado : 1.','2015-04-08 13:58:23','127.0.0.1','Mozilla/5.0 (Windows NT 6.1; WOW64; rv:37.0) Gecko/20100101 Firefox/37.0','N'),(96,2,'Manejo de roles','El rol ha sido editado : 1.','2015-04-08 13:59:33','127.0.0.1','Mozilla/5.0 (Windows NT 6.1; WOW64; rv:37.0) Gecko/20100101 Firefox/37.0','N'),(97,2,'Manejo de roles','El rol ha sido editado : 1.','2015-04-08 13:59:50','127.0.0.1','Mozilla/5.0 (Windows NT 6.1; WOW64; rv:37.0) Gecko/20100101 Firefox/37.0','N'),(98,2,'Manejo de permisos','El permiso ha sido editado : 1.','2015-04-08 14:04:49','127.0.0.1','Mozilla/5.0 (Windows NT 6.1; WOW64; rv:37.0) Gecko/20100101 Firefox/37.0','N'),(99,2,'Manejo de permisos','El permiso ha sido editado : 1.','2015-04-08 14:04:56','127.0.0.1','Mozilla/5.0 (Windows NT 6.1; WOW64; rv:37.0) Gecko/20100101 Firefox/37.0','N'),(100,2,'Manejo de roles','El rol ha sido agregado: Para borrar','2015-04-08 14:05:17','127.0.0.1','Mozilla/5.0 (Windows NT 6.1; WOW64; rv:37.0) Gecko/20100101 Firefox/37.0','N'),(101,2,'Manejo de roles','El rol ha sido editado : 1.','2015-04-08 14:05:39','127.0.0.1','Mozilla/5.0 (Windows NT 6.1; WOW64; rv:37.0) Gecko/20100101 Firefox/37.0','N'),(102,2,'Manejo de permisos','El permiso ha sido editado : 1.','2015-04-08 14:06:34','127.0.0.1','Mozilla/5.0 (Windows NT 6.1; WOW64; rv:37.0) Gecko/20100101 Firefox/37.0','N'),(103,2,'Manejo de permisos','El permiso ha sido editado : 1.','2015-04-08 14:06:51','127.0.0.1','Mozilla/5.0 (Windows NT 6.1; WOW64; rv:37.0) Gecko/20100101 Firefox/37.0','N'),(104,2,'Manejo de roles','El rol ha sido editado : 1.','2015-04-08 14:08:41','127.0.0.1','Mozilla/5.0 (Windows NT 6.1; WOW64; rv:37.0) Gecko/20100101 Firefox/37.0','N'),(105,2,'Manejo de roles','El rol ha sido agregado: Otro rol','2015-04-08 14:08:59','127.0.0.1','Mozilla/5.0 (Windows NT 6.1; WOW64; rv:37.0) Gecko/20100101 Firefox/37.0','N'),(106,2,'Manejo de roles','El rol ha sido agregado: Empresario','2015-04-08 14:09:34','127.0.0.1','Mozilla/5.0 (Windows NT 6.1; WOW64; rv:37.0) Gecko/20100101 Firefox/37.0','N'),(107,2,'Manejo de roles','Se ha eliminado el rol: 3.','2015-04-08 14:32:41','127.0.0.1','Mozilla/5.0 (Windows NT 6.1; WOW64; rv:37.0) Gecko/20100101 Firefox/37.0','N'),(108,2,'Manejo de roles','Se han eliminado las asignaciones de este rol a los usuarios: 3.','2015-04-08 14:32:41','127.0.0.1','Mozilla/5.0 (Windows NT 6.1; WOW64; rv:37.0) Gecko/20100101 Firefox/37.0','N'),(109,2,'Manejo de roles','Se han eliminado las asignaciones de este rol a los permisos: 3.','2015-04-08 14:32:41','127.0.0.1','Mozilla/5.0 (Windows NT 6.1; WOW64; rv:37.0) Gecko/20100101 Firefox/37.0','N'),(110,2,'Manejo de roles','Se ha eliminado el rol: 2.','2015-04-08 14:33:17','127.0.0.1','Mozilla/5.0 (Windows NT 6.1; WOW64; rv:37.0) Gecko/20100101 Firefox/37.0','N'),(111,2,'Manejo de roles','Se han eliminado las asignaciones de este rol a los usuarios: 2.','2015-04-08 14:33:17','127.0.0.1','Mozilla/5.0 (Windows NT 6.1; WOW64; rv:37.0) Gecko/20100101 Firefox/37.0','N'),(112,2,'Manejo de roles','Se han eliminado las asignaciones de este rol a los permisos: 2.','2015-04-08 14:33:17','127.0.0.1','Mozilla/5.0 (Windows NT 6.1; WOW64; rv:37.0) Gecko/20100101 Firefox/37.0','N'),(113,2,'Manejo de roles','El rol ha sido agregado: hlkjhlkjhlk','2015-04-08 14:34:09','127.0.0.1','Mozilla/5.0 (Windows NT 6.1; WOW64; rv:37.0) Gecko/20100101 Firefox/37.0','N'),(114,2,'Manejo de roles','Se ha eliminado el rol: 5.','2015-04-08 14:34:18','127.0.0.1','Mozilla/5.0 (Windows NT 6.1; WOW64; rv:37.0) Gecko/20100101 Firefox/37.0','N'),(115,2,'Manejo de roles','Se han eliminado las asignaciones de este rol a los usuarios: 5.','2015-04-08 14:34:18','127.0.0.1','Mozilla/5.0 (Windows NT 6.1; WOW64; rv:37.0) Gecko/20100101 Firefox/37.0','N'),(116,2,'Manejo de roles','Se han eliminado las asignaciones de este rol a los permisos: 5.','2015-04-08 14:34:18','127.0.0.1','Mozilla/5.0 (Windows NT 6.1; WOW64; rv:37.0) Gecko/20100101 Firefox/37.0','N'),(117,2,'Manejo de Usuarios','Rol del usuario modificado. : .','2015-04-08 15:30:39','127.0.0.1','Mozilla/5.0 (Windows NT 6.1; WOW64; rv:37.0) Gecko/20100101 Firefox/37.0','N'),(118,2,'Manejo de Usuarios','Rol del usuario modificado. : .','2015-04-08 15:30:39','127.0.0.1','Mozilla/5.0 (Windows NT 6.1; WOW64; rv:37.0) Gecko/20100101 Firefox/37.0','N'),(119,2,'Manejo de Usuarios','Rol del usuario modificado. : 2.','2015-04-08 15:32:08','127.0.0.1','Mozilla/5.0 (Windows NT 6.1; WOW64; rv:37.0) Gecko/20100101 Firefox/37.0','N'),(120,2,'Manejo de Usuarios','Rol del usuario modificado. : 2.','2015-04-08 15:32:08','127.0.0.1','Mozilla/5.0 (Windows NT 6.1; WOW64; rv:37.0) Gecko/20100101 Firefox/37.0','N'),(121,2,'Manejo de Usuarios','Rol del usuario modificado. : 2.','2015-04-08 15:33:00','127.0.0.1','Mozilla/5.0 (Windows NT 6.1; WOW64; rv:37.0) Gecko/20100101 Firefox/37.0','N'),(122,2,'Manejo de Usuarios','Rol del usuario modificado. : 2.','2015-04-08 15:33:00','127.0.0.1','Mozilla/5.0 (Windows NT 6.1; WOW64; rv:37.0) Gecko/20100101 Firefox/37.0','N'),(123,2,'Manejo de Usuarios','Rol del usuario modificado. : 2.','2015-04-08 15:33:30','127.0.0.1','Mozilla/5.0 (Windows NT 6.1; WOW64; rv:37.0) Gecko/20100101 Firefox/37.0','N'),(124,2,'Manejo de Usuarios','Rol del usuario modificado. : 2.','2015-04-08 15:33:30','127.0.0.1','Mozilla/5.0 (Windows NT 6.1; WOW64; rv:37.0) Gecko/20100101 Firefox/37.0','N'),(125,2,'Manejo de Usuarios','Rol del usuario modificado. : 2.','2015-04-08 15:33:37','127.0.0.1','Mozilla/5.0 (Windows NT 6.1; WOW64; rv:37.0) Gecko/20100101 Firefox/37.0','N'),(126,2,'Manejo de Usuarios','Rol del usuario modificado. : 2.','2015-04-08 15:33:37','127.0.0.1','Mozilla/5.0 (Windows NT 6.1; WOW64; rv:37.0) Gecko/20100101 Firefox/37.0','N'),(127,2,'Manejo de Usuarios','Rol del usuario modificado. : 2.','2015-04-08 15:36:36','127.0.0.1','Mozilla/5.0 (Windows NT 6.1; WOW64; rv:37.0) Gecko/20100101 Firefox/37.0','N'),(128,2,'Manejo de Usuarios','Rol del usuario modificado. : 2.','2015-04-08 15:36:36','127.0.0.1','Mozilla/5.0 (Windows NT 6.1; WOW64; rv:37.0) Gecko/20100101 Firefox/37.0','N'),(129,2,'Manejo de Usuarios','Rol del usuario modificado. : 2.','2015-04-08 15:36:43','127.0.0.1','Mozilla/5.0 (Windows NT 6.1; WOW64; rv:37.0) Gecko/20100101 Firefox/37.0','N'),(130,2,'Manejo de Usuarios','Rol del usuario modificado. : 2.','2015-04-08 15:36:43','127.0.0.1','Mozilla/5.0 (Windows NT 6.1; WOW64; rv:37.0) Gecko/20100101 Firefox/37.0','N'),(131,2,'Manejo de Usuarios','Rol del usuario modificado. : 2.','2015-04-08 15:42:16','127.0.0.1','Mozilla/5.0 (Windows NT 6.1; WOW64; rv:37.0) Gecko/20100101 Firefox/37.0','N'),(132,2,'Manejo de Usuarios','Rol del usuario modificado. : 2.','2015-04-08 15:42:16','127.0.0.1','Mozilla/5.0 (Windows NT 6.1; WOW64; rv:37.0) Gecko/20100101 Firefox/37.0','N'),(133,2,'Manejo de Usuarios','Rol del usuario modificado. : 2.','2015-04-08 15:43:03','127.0.0.1','Mozilla/5.0 (Windows NT 6.1; WOW64; rv:37.0) Gecko/20100101 Firefox/37.0','N'),(134,2,'Manejo de Usuarios','Rol del usuario modificado. : 2.','2015-04-08 15:43:03','127.0.0.1','Mozilla/5.0 (Windows NT 6.1; WOW64; rv:37.0) Gecko/20100101 Firefox/37.0','N'),(135,2,'Manejo de Usuarios','Rol del usuario modificado. : 2.','2015-04-08 15:51:17','127.0.0.1','Mozilla/5.0 (Windows NT 6.1; WOW64; rv:37.0) Gecko/20100101 Firefox/37.0','N'),(136,2,'Manejo de Usuarios','Rol del usuario modificado. : 2.','2015-04-08 15:51:17','127.0.0.1','Mozilla/5.0 (Windows NT 6.1; WOW64; rv:37.0) Gecko/20100101 Firefox/37.0','N'),(137,2,'Manejo de Usuarios','0: ','2015-04-08 15:51:33','127.0.0.1','Mozilla/5.0 (Windows NT 6.1; WOW64; rv:37.0) Gecko/20100101 Firefox/37.0','Y'),(138,2,'Manejo de Usuarios','0: ','2015-04-08 15:52:09','127.0.0.1','Mozilla/5.0 (Windows NT 6.1; WOW64; rv:37.0) Gecko/20100101 Firefox/37.0','Y'),(139,2,'Manejo de Usuarios','Rol del usuario modificado. : 4.','2015-04-08 15:52:57','127.0.0.1','Mozilla/5.0 (Windows NT 6.1; WOW64; rv:37.0) Gecko/20100101 Firefox/37.0','N'),(140,2,'Manejo de Usuarios','Rol del usuario modificado. : 4.','2015-04-08 15:52:57','127.0.0.1','Mozilla/5.0 (Windows NT 6.1; WOW64; rv:37.0) Gecko/20100101 Firefox/37.0','N'),(141,2,'Manejo de Usuarios','Rol del usuario modificado. : 4.','2015-04-08 15:53:04','127.0.0.1','Mozilla/5.0 (Windows NT 6.1; WOW64; rv:37.0) Gecko/20100101 Firefox/37.0','N'),(142,2,'Manejo de Usuarios','Rol del usuario modificado. : 4.','2015-04-08 15:53:04','127.0.0.1','Mozilla/5.0 (Windows NT 6.1; WOW64; rv:37.0) Gecko/20100101 Firefox/37.0','N'),(143,2,'Manejo de Usuarios','Rol del usuario modificado. : 4.','2015-04-08 15:53:14','127.0.0.1','Mozilla/5.0 (Windows NT 6.1; WOW64; rv:37.0) Gecko/20100101 Firefox/37.0','N'),(144,2,'Manejo de Usuarios','Rol del usuario modificado. : 4.','2015-04-08 15:53:14','127.0.0.1','Mozilla/5.0 (Windows NT 6.1; WOW64; rv:37.0) Gecko/20100101 Firefox/37.0','N'),(145,2,'Manejo de Usuarios','Rol del usuario modificado. : 2.','2015-04-08 15:53:33','127.0.0.1','Mozilla/5.0 (Windows NT 6.1; WOW64; rv:37.0) Gecko/20100101 Firefox/37.0','N'),(146,2,'Manejo de Usuarios','Rol del usuario modificado. : 2.','2015-04-08 15:53:33','127.0.0.1','Mozilla/5.0 (Windows NT 6.1; WOW64; rv:37.0) Gecko/20100101 Firefox/37.0','N'),(147,2,'Manejo de Usuarios','Rol del usuario modificado. : 2.','2015-04-08 15:53:41','127.0.0.1','Mozilla/5.0 (Windows NT 6.1; WOW64; rv:37.0) Gecko/20100101 Firefox/37.0','N'),(148,2,'Manejo de Usuarios','Rol del usuario modificado. : 2.','2015-04-08 15:53:41','127.0.0.1','Mozilla/5.0 (Windows NT 6.1; WOW64; rv:37.0) Gecko/20100101 Firefox/37.0','N'),(149,2,'Manejo de Usuarios','Rol del usuario modificado. : 2.','2015-04-08 15:53:56','127.0.0.1','Mozilla/5.0 (Windows NT 6.1; WOW64; rv:37.0) Gecko/20100101 Firefox/37.0','N'),(150,2,'Manejo de Usuarios','Rol del usuario modificado. : 2.','2015-04-08 15:53:56','127.0.0.1','Mozilla/5.0 (Windows NT 6.1; WOW64; rv:37.0) Gecko/20100101 Firefox/37.0','N'),(151,2,'Manejo de roles','El rol ha sido editado : 1.','2015-04-08 15:55:24','127.0.0.1','Mozilla/5.0 (Windows NT 6.1; WOW64; rv:37.0) Gecko/20100101 Firefox/37.0','N'),(152,2,'Manejo de Usuarios','Rol del usuario modificado. : 2.','2015-04-08 15:58:05','127.0.0.1','Mozilla/5.0 (Windows NT 6.1; WOW64; rv:37.0) Gecko/20100101 Firefox/37.0','N'),(153,2,'Manejo de Usuarios','Rol del usuario modificado. : 2.','2015-04-08 15:58:05','127.0.0.1','Mozilla/5.0 (Windows NT 6.1; WOW64; rv:37.0) Gecko/20100101 Firefox/37.0','N'),(154,2,'Manejo de roles','1451: Cannot delete or update a parent row: a foreign key constraint fails (`ofertasgt`.`rol_permiso`, CONSTRAINT `fk_rol_id_rol_permiso` FOREIGN KEY (`rol_id`) REFERENCES `rol` (`rol_id`) ON DELETE NO ACTION ON UPDATE NO ACTION)','2015-04-08 16:06:04','127.0.0.1','Mozilla/5.0 (Windows NT 6.1; WOW64; rv:37.0) Gecko/20100101 Firefox/37.0','Y'),(155,2,'Manejo de roles','1451: Cannot delete or update a parent row: a foreign key constraint fails (`ofertasgt`.`rol_permiso`, CONSTRAINT `fk_rol_id_rol_permiso` FOREIGN KEY (`rol_id`) REFERENCES `rol` (`rol_id`) ON DELETE NO ACTION ON UPDATE NO ACTION)','2015-04-08 16:09:48','127.0.0.1','Mozilla/5.0 (Windows NT 6.1; WOW64; rv:37.0) Gecko/20100101 Firefox/37.0','Y'),(156,2,'Manejo de roles','1451: Cannot delete or update a parent row: a foreign key constraint fails (`ofertasgt`.`rol_permiso`, CONSTRAINT `fk_rol_id_rol_permiso` FOREIGN KEY (`rol_id`) REFERENCES `rol` (`rol_id`) ON DELETE NO ACTION ON UPDATE NO ACTION)','2015-04-08 16:14:20','127.0.0.1','Mozilla/5.0 (Windows NT 6.1; WOW64; rv:37.0) Gecko/20100101 Firefox/37.0','Y'),(157,2,'Manejo de roles','El rol ha sido editado : 1.','2015-04-08 16:22:13','127.0.0.1','Mozilla/5.0 (Windows NT 6.1; WOW64; rv:37.0) Gecko/20100101 Firefox/37.0','N'),(158,2,'Manejo de roles','1451: Cannot delete or update a parent row: a foreign key constraint fails (`ofertasgt`.`rol_usuario`, CONSTRAINT `fk_rol_id_rol_usuario` FOREIGN KEY (`rol_id`) REFERENCES `rol` (`rol_id`) ON DELETE NO ACTION ON UPDATE NO ACTION)','2015-04-08 16:25:13','127.0.0.1','Mozilla/5.0 (Windows NT 6.1; WOW64; rv:37.0) Gecko/20100101 Firefox/37.0','Y'),(159,2,'Manejo de roles','El rol ha sido editado : 1.','2015-04-08 16:28:07','127.0.0.1','Mozilla/5.0 (Windows NT 6.1; WOW64; rv:37.0) Gecko/20100101 Firefox/37.0','N'),(160,2,'Manejo de roles','1451: Cannot delete or update a parent row: a foreign key constraint fails (`ofertasgt`.`rol_usuario`, CONSTRAINT `fk_rol_id_rol_usuario` FOREIGN KEY (`rol_id`) REFERENCES `rol` (`rol_id`))','2015-04-08 16:34:43','127.0.0.1','Mozilla/5.0 (Windows NT 6.1; WOW64; rv:37.0) Gecko/20100101 Firefox/37.0','Y'),(161,2,'Manejo de roles','El rol ha sido editado : 1.','2015-04-08 16:35:40','127.0.0.1','Mozilla/5.0 (Windows NT 6.1; WOW64; rv:37.0) Gecko/20100101 Firefox/37.0','N'),(162,2,'Manejo de roles','El rol ha sido editado : 1.','2015-04-08 16:35:56','127.0.0.1','Mozilla/5.0 (Windows NT 6.1; WOW64; rv:37.0) Gecko/20100101 Firefox/37.0','N'),(163,2,'Manejo de roles','El rol ha sido editado : 1.','2015-04-08 16:38:12','127.0.0.1','Mozilla/5.0 (Windows NT 6.1; WOW64; rv:37.0) Gecko/20100101 Firefox/37.0','N'),(164,2,'Manejo de permisos','El permiso ha sido agregado: borrar borrar','2015-04-08 16:38:58','127.0.0.1','Mozilla/5.0 (Windows NT 6.1; WOW64; rv:37.0) Gecko/20100101 Firefox/37.0','N'),(165,2,'Manejo de permisos','Se ha eliminado el permiso: 11.','2015-04-08 16:39:07','127.0.0.1','Mozilla/5.0 (Windows NT 6.1; WOW64; rv:37.0) Gecko/20100101 Firefox/37.0','N'),(166,2,'Manejo de permisos','Se han eliminado las asignaciones de este permiso a los roles: 11.','2015-04-08 16:39:07','127.0.0.1','Mozilla/5.0 (Windows NT 6.1; WOW64; rv:37.0) Gecko/20100101 Firefox/37.0','N'),(167,2,'Manejo de permisos','Se han eliminado las asignaciones de este permiso a los usuarios: 11.','2015-04-08 16:39:07','127.0.0.1','Mozilla/5.0 (Windows NT 6.1; WOW64; rv:37.0) Gecko/20100101 Firefox/37.0','N'),(168,2,'Manejo de permisos','El permiso ha sido editado : 1.','2015-04-08 16:39:15','127.0.0.1','Mozilla/5.0 (Windows NT 6.1; WOW64; rv:37.0) Gecko/20100101 Firefox/37.0','N'),(169,2,'Manejo de permisos','El permiso ha sido editado : 1.','2015-04-08 16:39:43','127.0.0.1','Mozilla/5.0 (Windows NT 6.1; WOW64; rv:37.0) Gecko/20100101 Firefox/37.0','N'),(170,2,'Acceso','Sesión terminada por inactividad.','2015-04-09 06:12:40','127.0.0.1','Mozilla/5.0 (Windows NT 6.1; WOW64; rv:37.0) Gecko/20100101 Firefox/37.0','N'),(171,2,'Acceso','Sesión iniciada.','2015-04-09 06:12:47','127.0.0.1','Mozilla/5.0 (Windows NT 6.1; WOW64; rv:37.0) Gecko/20100101 Firefox/37.0','N'),(172,2,'Manejo de roles','El rol ha sido editado : 1.','2015-04-09 06:12:56','127.0.0.1','Mozilla/5.0 (Windows NT 6.1; WOW64; rv:37.0) Gecko/20100101 Firefox/37.0','N'),(173,2,'Manejo de roles','El rol ha sido editado : 1.','2015-04-09 06:13:19','127.0.0.1','Mozilla/5.0 (Windows NT 6.1; WOW64; rv:37.0) Gecko/20100101 Firefox/37.0','N'),(174,2,'Manejo de roles','El rol ha sido agregado: Administrador','2015-04-09 06:13:41','127.0.0.1','Mozilla/5.0 (Windows NT 6.1; WOW64; rv:37.0) Gecko/20100101 Firefox/37.0','N'),(175,2,'Manejo de roles','Se ha eliminado el rol: 6.','2015-04-09 06:13:55','127.0.0.1','Mozilla/5.0 (Windows NT 6.1; WOW64; rv:37.0) Gecko/20100101 Firefox/37.0','N'),(176,2,'Manejo de roles','Se han eliminado las asignaciones de este rol a los usuarios: 6.','2015-04-09 06:13:55','127.0.0.1','Mozilla/5.0 (Windows NT 6.1; WOW64; rv:37.0) Gecko/20100101 Firefox/37.0','N'),(177,2,'Manejo de roles','Se han eliminado las asignaciones de este rol a los permisos: 6.','2015-04-09 06:13:55','127.0.0.1','Mozilla/5.0 (Windows NT 6.1; WOW64; rv:37.0) Gecko/20100101 Firefox/37.0','N'),(178,2,'Manejo de roles','El rol ha sido editado : 1.','2015-04-09 06:14:38','127.0.0.1','Mozilla/5.0 (Windows NT 6.1; WOW64; rv:37.0) Gecko/20100101 Firefox/37.0','N'),(179,2,'Manejo de roles','El rol ha sido editado : 1.','2015-04-09 06:15:01','127.0.0.1','Mozilla/5.0 (Windows NT 6.1; WOW64; rv:37.0) Gecko/20100101 Firefox/37.0','N'),(180,2,'Manejo de roles','El rol ha sido agregado: hklj','2015-04-09 06:15:14','127.0.0.1','Mozilla/5.0 (Windows NT 6.1; WOW64; rv:37.0) Gecko/20100101 Firefox/37.0','N'),(181,2,'Manejo de roles','El rol ha sido editado : 7.','2015-04-09 06:20:12','127.0.0.1','Mozilla/5.0 (Windows NT 6.1; WOW64; rv:37.0) Gecko/20100101 Firefox/37.0','N'),(182,2,'Manejo de roles','El rol ha sido editado : 7.','2015-04-09 06:20:39','127.0.0.1','Mozilla/5.0 (Windows NT 6.1; WOW64; rv:37.0) Gecko/20100101 Firefox/37.0','N'),(183,2,'Manejo de roles','El rol ha sido editado : 7.','2015-04-09 06:21:29','127.0.0.1','Mozilla/5.0 (Windows NT 6.1; WOW64; rv:37.0) Gecko/20100101 Firefox/37.0','N'),(184,2,'Manejo de roles','El rol ha sido editado : 7.','2015-04-09 06:23:46','127.0.0.1','Mozilla/5.0 (Windows NT 6.1; WOW64; rv:37.0) Gecko/20100101 Firefox/37.0','N'),(185,2,'Manejo de roles','El rol ha sido agregado: ffffff','2015-04-09 06:24:01','127.0.0.1','Mozilla/5.0 (Windows NT 6.1; WOW64; rv:37.0) Gecko/20100101 Firefox/37.0','N'),(186,2,'Manejo de permisos','El permiso ha sido editado : 2.','2015-04-09 06:25:02','127.0.0.1','Mozilla/5.0 (Windows NT 6.1; WOW64; rv:37.0) Gecko/20100101 Firefox/37.0','N'),(187,2,'Manejo de permisos','El permiso ha sido editado : 2.','2015-04-09 06:25:24','127.0.0.1','Mozilla/5.0 (Windows NT 6.1; WOW64; rv:37.0) Gecko/20100101 Firefox/37.0','N'),(188,2,'Acceso','Sesión terminada por inactividad.','2015-04-09 07:49:31','127.0.0.1','Mozilla/5.0 (Windows NT 6.1; WOW64; rv:37.0) Gecko/20100101 Firefox/37.0','N'),(189,2,'Acceso','Sesión iniciada.','2015-04-09 07:49:37','127.0.0.1','Mozilla/5.0 (Windows NT 6.1; WOW64; rv:37.0) Gecko/20100101 Firefox/37.0','N'),(190,2,'Manejo de roles','El rol ha sido editado : 1.','2015-04-09 08:00:53','127.0.0.1','Mozilla/5.0 (Windows NT 6.1; WOW64; rv:37.0) Gecko/20100101 Firefox/37.0','N'),(191,2,'Manejo de roles','El rol ha sido editado : 4.','2015-04-09 08:01:36','127.0.0.1','Mozilla/5.0 (Windows NT 6.1; WOW64; rv:37.0) Gecko/20100101 Firefox/37.0','N'),(192,2,'Manejo de Usuarios','Rol del usuario modificado. : 2.','2015-04-09 08:02:17','127.0.0.1','Mozilla/5.0 (Windows NT 6.1; WOW64; rv:37.0) Gecko/20100101 Firefox/37.0','N'),(193,2,'Manejo de Usuarios','Rol del usuario modificado. : 2.','2015-04-09 08:02:17','127.0.0.1','Mozilla/5.0 (Windows NT 6.1; WOW64; rv:37.0) Gecko/20100101 Firefox/37.0','N'),(194,2,'Manejo de Usuarios','Rol del usuario modificado. : 2.','2015-04-09 08:02:17','127.0.0.1','Mozilla/5.0 (Windows NT 6.1; WOW64; rv:37.0) Gecko/20100101 Firefox/37.0','N'),(195,2,'Manejo de Usuarios','Rol del usuario modificado. : 2.','2015-04-09 08:02:17','127.0.0.1','Mozilla/5.0 (Windows NT 6.1; WOW64; rv:37.0) Gecko/20100101 Firefox/37.0','N'),(196,2,'Manejo de Usuarios','Rol del usuario modificado. : 2.','2015-04-09 08:02:49','127.0.0.1','Mozilla/5.0 (Windows NT 6.1; WOW64; rv:37.0) Gecko/20100101 Firefox/37.0','N'),(197,2,'Manejo de Usuarios','Rol del usuario modificado. : 2.','2015-04-09 08:02:50','127.0.0.1','Mozilla/5.0 (Windows NT 6.1; WOW64; rv:37.0) Gecko/20100101 Firefox/37.0','N'),(198,2,'Manejo de Usuarios','Rol del usuario modificado. : 2.','2015-04-09 08:02:50','127.0.0.1','Mozilla/5.0 (Windows NT 6.1; WOW64; rv:37.0) Gecko/20100101 Firefox/37.0','N'),(199,2,'Manejo de Usuarios','Rol del usuario modificado. : 2.','2015-04-09 08:02:50','127.0.0.1','Mozilla/5.0 (Windows NT 6.1; WOW64; rv:37.0) Gecko/20100101 Firefox/37.0','N'),(200,2,'Manejo de Usuarios','Permiso del usuario modificado: 2, permiso: 1','2015-04-09 08:29:01','127.0.0.1','Mozilla/5.0 (Windows NT 6.1; WOW64; rv:37.0) Gecko/20100101 Firefox/37.0','N'),(201,2,'Manejo de Usuarios','Permiso del usuario modificado: 2, permiso: 10','2015-04-09 08:29:01','127.0.0.1','Mozilla/5.0 (Windows NT 6.1; WOW64; rv:37.0) Gecko/20100101 Firefox/37.0','N'),(202,2,'Manejo de Usuarios','Permiso del usuario modificado: 2, permiso: 8','2015-04-09 08:29:01','127.0.0.1','Mozilla/5.0 (Windows NT 6.1; WOW64; rv:37.0) Gecko/20100101 Firefox/37.0','N'),(203,2,'Manejo de Usuarios','Permiso del usuario modificado: 2, permiso: 7','2015-04-09 08:29:01','127.0.0.1','Mozilla/5.0 (Windows NT 6.1; WOW64; rv:37.0) Gecko/20100101 Firefox/37.0','N'),(204,2,'Manejo de Usuarios','Permiso del usuario modificado: 2, permiso: 2','2015-04-09 08:29:01','127.0.0.1','Mozilla/5.0 (Windows NT 6.1; WOW64; rv:37.0) Gecko/20100101 Firefox/37.0','N'),(205,2,'Manejo de Usuarios','Permiso del usuario modificado: 2, permiso: 3','2015-04-09 08:29:01','127.0.0.1','Mozilla/5.0 (Windows NT 6.1; WOW64; rv:37.0) Gecko/20100101 Firefox/37.0','N'),(206,2,'Manejo de Usuarios','Permiso del usuario modificado: 2, permiso: 4','2015-04-09 08:29:01','127.0.0.1','Mozilla/5.0 (Windows NT 6.1; WOW64; rv:37.0) Gecko/20100101 Firefox/37.0','N'),(207,2,'Manejo de Usuarios','Permiso del usuario modificado: 2, permiso: 1','2015-04-09 08:30:14','127.0.0.1','Mozilla/5.0 (Windows NT 6.1; WOW64; rv:37.0) Gecko/20100101 Firefox/37.0','N'),(208,2,'Manejo de Usuarios','Permiso del usuario modificado: 2, permiso: 10','2015-04-09 08:30:14','127.0.0.1','Mozilla/5.0 (Windows NT 6.1; WOW64; rv:37.0) Gecko/20100101 Firefox/37.0','N'),(209,2,'Manejo de Usuarios','Permiso del usuario modificado: 2, permiso: 8','2015-04-09 08:30:14','127.0.0.1','Mozilla/5.0 (Windows NT 6.1; WOW64; rv:37.0) Gecko/20100101 Firefox/37.0','N'),(210,2,'Manejo de Usuarios','Permiso del usuario modificado: 2, permiso: 7','2015-04-09 08:30:14','127.0.0.1','Mozilla/5.0 (Windows NT 6.1; WOW64; rv:37.0) Gecko/20100101 Firefox/37.0','N'),(211,2,'Manejo de Usuarios','Permiso del usuario modificado: 2, permiso: 2','2015-04-09 08:30:14','127.0.0.1','Mozilla/5.0 (Windows NT 6.1; WOW64; rv:37.0) Gecko/20100101 Firefox/37.0','N'),(212,2,'Manejo de Usuarios','Permiso del usuario modificado: 2, permiso: 3','2015-04-09 08:30:14','127.0.0.1','Mozilla/5.0 (Windows NT 6.1; WOW64; rv:37.0) Gecko/20100101 Firefox/37.0','N'),(213,2,'Manejo de Usuarios','Permiso del usuario modificado: 2, permiso: 4','2015-04-09 08:30:14','127.0.0.1','Mozilla/5.0 (Windows NT 6.1; WOW64; rv:37.0) Gecko/20100101 Firefox/37.0','N'),(214,2,'Manejo de Usuarios','Permiso del usuario modificado: 2, permiso: 1','2015-04-09 08:33:08','127.0.0.1','Mozilla/5.0 (Windows NT 6.1; WOW64; rv:37.0) Gecko/20100101 Firefox/37.0','N'),(215,2,'Manejo de Usuarios','Permiso del usuario modificado: 2, permiso: 10','2015-04-09 08:33:08','127.0.0.1','Mozilla/5.0 (Windows NT 6.1; WOW64; rv:37.0) Gecko/20100101 Firefox/37.0','N'),(216,2,'Manejo de Usuarios','Permiso del usuario modificado: 2, permiso: 8','2015-04-09 08:33:08','127.0.0.1','Mozilla/5.0 (Windows NT 6.1; WOW64; rv:37.0) Gecko/20100101 Firefox/37.0','N'),(217,2,'Manejo de Usuarios','Permiso del usuario modificado: 2, permiso: 7','2015-04-09 08:33:08','127.0.0.1','Mozilla/5.0 (Windows NT 6.1; WOW64; rv:37.0) Gecko/20100101 Firefox/37.0','N'),(218,2,'Manejo de Usuarios','Permiso del usuario modificado: 2, permiso: 2','2015-04-09 08:33:08','127.0.0.1','Mozilla/5.0 (Windows NT 6.1; WOW64; rv:37.0) Gecko/20100101 Firefox/37.0','N'),(219,2,'Manejo de Usuarios','Permiso del usuario modificado: 2, permiso: 3','2015-04-09 08:33:08','127.0.0.1','Mozilla/5.0 (Windows NT 6.1; WOW64; rv:37.0) Gecko/20100101 Firefox/37.0','N'),(220,2,'Manejo de Usuarios','Permiso del usuario modificado: 2, permiso: 4','2015-04-09 08:33:08','127.0.0.1','Mozilla/5.0 (Windows NT 6.1; WOW64; rv:37.0) Gecko/20100101 Firefox/37.0','N'),(221,2,'Manejo de Usuarios','Permiso del usuario modificado: 2, permiso: 1','2015-04-09 08:33:26','127.0.0.1','Mozilla/5.0 (Windows NT 6.1; WOW64; rv:37.0) Gecko/20100101 Firefox/37.0','N'),(222,2,'Manejo de Usuarios','Permiso del usuario modificado: 2, permiso: 10','2015-04-09 08:33:26','127.0.0.1','Mozilla/5.0 (Windows NT 6.1; WOW64; rv:37.0) Gecko/20100101 Firefox/37.0','N'),(223,2,'Manejo de Usuarios','Permiso del usuario modificado: 2, permiso: 8','2015-04-09 08:33:27','127.0.0.1','Mozilla/5.0 (Windows NT 6.1; WOW64; rv:37.0) Gecko/20100101 Firefox/37.0','N'),(224,2,'Manejo de Usuarios','Permiso del usuario modificado: 2, permiso: 7','2015-04-09 08:33:27','127.0.0.1','Mozilla/5.0 (Windows NT 6.1; WOW64; rv:37.0) Gecko/20100101 Firefox/37.0','N'),(225,2,'Manejo de Usuarios','Permiso del usuario modificado: 2, permiso: 2','2015-04-09 08:33:27','127.0.0.1','Mozilla/5.0 (Windows NT 6.1; WOW64; rv:37.0) Gecko/20100101 Firefox/37.0','N'),(226,2,'Manejo de Usuarios','Permiso del usuario modificado: 2, permiso: 3','2015-04-09 08:33:27','127.0.0.1','Mozilla/5.0 (Windows NT 6.1; WOW64; rv:37.0) Gecko/20100101 Firefox/37.0','N'),(227,2,'Manejo de Usuarios','Permiso del usuario modificado: 2, permiso: 4','2015-04-09 08:33:27','127.0.0.1','Mozilla/5.0 (Windows NT 6.1; WOW64; rv:37.0) Gecko/20100101 Firefox/37.0','N'),(228,2,'Manejo de Usuarios','Permiso del usuario modificado: 2, permiso: 1','2015-04-09 08:33:44','127.0.0.1','Mozilla/5.0 (Windows NT 6.1; WOW64; rv:37.0) Gecko/20100101 Firefox/37.0','N'),(229,2,'Manejo de Usuarios','Permiso del usuario modificado: 2, permiso: 10','2015-04-09 08:33:44','127.0.0.1','Mozilla/5.0 (Windows NT 6.1; WOW64; rv:37.0) Gecko/20100101 Firefox/37.0','N'),(230,2,'Manejo de Usuarios','Permiso del usuario modificado: 2, permiso: 8','2015-04-09 08:33:44','127.0.0.1','Mozilla/5.0 (Windows NT 6.1; WOW64; rv:37.0) Gecko/20100101 Firefox/37.0','N'),(231,2,'Manejo de Usuarios','Permiso del usuario modificado: 2, permiso: 7','2015-04-09 08:33:44','127.0.0.1','Mozilla/5.0 (Windows NT 6.1; WOW64; rv:37.0) Gecko/20100101 Firefox/37.0','N'),(232,2,'Manejo de Usuarios','Permiso del usuario modificado: 2, permiso: 2','2015-04-09 08:33:44','127.0.0.1','Mozilla/5.0 (Windows NT 6.1; WOW64; rv:37.0) Gecko/20100101 Firefox/37.0','N'),(233,2,'Manejo de Usuarios','Permiso del usuario modificado: 2, permiso: 3','2015-04-09 08:33:44','127.0.0.1','Mozilla/5.0 (Windows NT 6.1; WOW64; rv:37.0) Gecko/20100101 Firefox/37.0','N'),(234,2,'Manejo de Usuarios','Permiso del usuario modificado: 2, permiso: 4','2015-04-09 08:33:44','127.0.0.1','Mozilla/5.0 (Windows NT 6.1; WOW64; rv:37.0) Gecko/20100101 Firefox/37.0','N'),(235,2,'Manejo de Usuarios','Permiso del usuario modificado: 2, permiso: 1','2015-04-09 08:34:06','127.0.0.1','Mozilla/5.0 (Windows NT 6.1; WOW64; rv:37.0) Gecko/20100101 Firefox/37.0','N'),(236,2,'Manejo de Usuarios','Permiso del usuario modificado: 2, permiso: 10','2015-04-09 08:34:06','127.0.0.1','Mozilla/5.0 (Windows NT 6.1; WOW64; rv:37.0) Gecko/20100101 Firefox/37.0','N'),(237,2,'Manejo de Usuarios','Permiso del usuario modificado: 2, permiso: 8','2015-04-09 08:34:06','127.0.0.1','Mozilla/5.0 (Windows NT 6.1; WOW64; rv:37.0) Gecko/20100101 Firefox/37.0','N'),(238,2,'Manejo de Usuarios','Permiso del usuario modificado: 2, permiso: 7','2015-04-09 08:34:06','127.0.0.1','Mozilla/5.0 (Windows NT 6.1; WOW64; rv:37.0) Gecko/20100101 Firefox/37.0','N'),(239,2,'Manejo de Usuarios','Permiso del usuario modificado: 2, permiso: 2','2015-04-09 08:34:06','127.0.0.1','Mozilla/5.0 (Windows NT 6.1; WOW64; rv:37.0) Gecko/20100101 Firefox/37.0','N'),(240,2,'Manejo de Usuarios','Permiso del usuario modificado: 2, permiso: 3','2015-04-09 08:34:06','127.0.0.1','Mozilla/5.0 (Windows NT 6.1; WOW64; rv:37.0) Gecko/20100101 Firefox/37.0','N'),(241,2,'Manejo de Usuarios','Permiso del usuario modificado: 2, permiso: 4','2015-04-09 08:34:06','127.0.0.1','Mozilla/5.0 (Windows NT 6.1; WOW64; rv:37.0) Gecko/20100101 Firefox/37.0','N'),(242,2,'Manejo de Usuarios','Permiso del usuario modificado: 2, permiso: 1','2015-04-09 08:34:23','127.0.0.1','Mozilla/5.0 (Windows NT 6.1; WOW64; rv:37.0) Gecko/20100101 Firefox/37.0','N'),(243,2,'Manejo de Usuarios','Permiso del usuario modificado: 2, permiso: 10','2015-04-09 08:34:23','127.0.0.1','Mozilla/5.0 (Windows NT 6.1; WOW64; rv:37.0) Gecko/20100101 Firefox/37.0','N'),(244,2,'Manejo de Usuarios','Permiso del usuario modificado: 2, permiso: 8','2015-04-09 08:34:23','127.0.0.1','Mozilla/5.0 (Windows NT 6.1; WOW64; rv:37.0) Gecko/20100101 Firefox/37.0','N'),(245,2,'Manejo de Usuarios','Permiso del usuario modificado: 2, permiso: 7','2015-04-09 08:34:23','127.0.0.1','Mozilla/5.0 (Windows NT 6.1; WOW64; rv:37.0) Gecko/20100101 Firefox/37.0','N'),(246,2,'Manejo de Usuarios','Permiso del usuario modificado: 2, permiso: 2','2015-04-09 08:34:23','127.0.0.1','Mozilla/5.0 (Windows NT 6.1; WOW64; rv:37.0) Gecko/20100101 Firefox/37.0','N'),(247,2,'Manejo de Usuarios','Permiso del usuario modificado: 2, permiso: 3','2015-04-09 08:34:23','127.0.0.1','Mozilla/5.0 (Windows NT 6.1; WOW64; rv:37.0) Gecko/20100101 Firefox/37.0','N'),(248,2,'Manejo de Usuarios','Permiso del usuario modificado: 2, permiso: 4','2015-04-09 08:34:23','127.0.0.1','Mozilla/5.0 (Windows NT 6.1; WOW64; rv:37.0) Gecko/20100101 Firefox/37.0','N'),(249,2,'Manejo de permisos','El permiso ha sido editado : 8.','2015-04-09 08:34:46','127.0.0.1','Mozilla/5.0 (Windows NT 6.1; WOW64; rv:37.0) Gecko/20100101 Firefox/37.0','N'),(250,2,'Acceso','Sesión terminada por inactividad.','2015-04-09 09:16:52','127.0.0.1','Mozilla/5.0 (Windows NT 6.1; WOW64; rv:37.0) Gecko/20100101 Firefox/37.0','N'),(251,2,'Acceso','Sesión iniciada.','2015-04-09 09:16:58','127.0.0.1','Mozilla/5.0 (Windows NT 6.1; WOW64; rv:37.0) Gecko/20100101 Firefox/37.0','N'),(252,2,'Manejo de permisos','El permiso ha sido editado : 8.','2015-04-09 09:22:40','127.0.0.1','Mozilla/5.0 (Windows NT 6.1; WOW64; rv:37.0) Gecko/20100101 Firefox/37.0','N'),(253,2,'Manejo de permisos','El permiso ha sido editado : 8.','2015-04-09 09:23:14','127.0.0.1','Mozilla/5.0 (Windows NT 6.1; WOW64; rv:37.0) Gecko/20100101 Firefox/37.0','N'),(254,2,'Manejo de Usuarios','Permiso del usuario modificado: 2, permiso: 1','2015-04-09 09:23:54','127.0.0.1','Mozilla/5.0 (Windows NT 6.1; WOW64; rv:37.0) Gecko/20100101 Firefox/37.0','N'),(255,2,'Manejo de Usuarios','Permiso del usuario modificado: 2, permiso: 10','2015-04-09 09:23:54','127.0.0.1','Mozilla/5.0 (Windows NT 6.1; WOW64; rv:37.0) Gecko/20100101 Firefox/37.0','N'),(256,2,'Manejo de Usuarios','Permiso del usuario modificado: 2, permiso: 8','2015-04-09 09:23:54','127.0.0.1','Mozilla/5.0 (Windows NT 6.1; WOW64; rv:37.0) Gecko/20100101 Firefox/37.0','N'),(257,2,'Manejo de Usuarios','Permiso del usuario modificado: 2, permiso: 7','2015-04-09 09:23:54','127.0.0.1','Mozilla/5.0 (Windows NT 6.1; WOW64; rv:37.0) Gecko/20100101 Firefox/37.0','N'),(258,2,'Manejo de Usuarios','Permiso del usuario modificado: 2, permiso: 2','2015-04-09 09:23:54','127.0.0.1','Mozilla/5.0 (Windows NT 6.1; WOW64; rv:37.0) Gecko/20100101 Firefox/37.0','N'),(259,2,'Manejo de Usuarios','Permiso del usuario modificado: 2, permiso: 3','2015-04-09 09:23:54','127.0.0.1','Mozilla/5.0 (Windows NT 6.1; WOW64; rv:37.0) Gecko/20100101 Firefox/37.0','N'),(260,2,'Manejo de Usuarios','Permiso del usuario modificado: 2, permiso: 4','2015-04-09 09:23:54','127.0.0.1','Mozilla/5.0 (Windows NT 6.1; WOW64; rv:37.0) Gecko/20100101 Firefox/37.0','N'),(261,2,'Manejo de roles','El rol ha sido editado : 1.','2015-04-09 09:24:06','127.0.0.1','Mozilla/5.0 (Windows NT 6.1; WOW64; rv:37.0) Gecko/20100101 Firefox/37.0','N'),(262,2,'Manejo de permisos','El permiso ha sido editado : 8.','2015-04-09 09:24:49','127.0.0.1','Mozilla/5.0 (Windows NT 6.1; WOW64; rv:37.0) Gecko/20100101 Firefox/37.0','N'),(263,2,'Manejo de roles','El rol ha sido editado : 1.','2015-04-09 09:25:23','127.0.0.1','Mozilla/5.0 (Windows NT 6.1; WOW64; rv:37.0) Gecko/20100101 Firefox/37.0','N'),(264,2,'Manejo de roles','El rol ha sido editado : 1.','2015-04-09 09:25:29','127.0.0.1','Mozilla/5.0 (Windows NT 6.1; WOW64; rv:37.0) Gecko/20100101 Firefox/37.0','N'),(265,2,'Manejo de roles','El rol ha sido editado : 1.','2015-04-09 09:25:56','127.0.0.1','Mozilla/5.0 (Windows NT 6.1; WOW64; rv:37.0) Gecko/20100101 Firefox/37.0','N'),(266,2,'Manejo de permisos','El permiso ha sido agregado: hykjhk fghf','2015-04-09 09:28:54','127.0.0.1','Mozilla/5.0 (Windows NT 6.1; WOW64; rv:37.0) Gecko/20100101 Firefox/37.0','N'),(267,2,'Manejo de roles','El rol ha sido editado : 1.','2015-04-09 09:29:08','127.0.0.1','Mozilla/5.0 (Windows NT 6.1; WOW64; rv:37.0) Gecko/20100101 Firefox/37.0','N'),(268,2,'Manejo de Usuarios','Permiso del usuario modificado: 2, permiso: 1','2015-04-09 09:29:49','127.0.0.1','Mozilla/5.0 (Windows NT 6.1; WOW64; rv:37.0) Gecko/20100101 Firefox/37.0','N'),(269,2,'Manejo de Usuarios','Permiso del usuario modificado: 2, permiso: 10','2015-04-09 09:29:49','127.0.0.1','Mozilla/5.0 (Windows NT 6.1; WOW64; rv:37.0) Gecko/20100101 Firefox/37.0','N'),(270,2,'Manejo de Usuarios','Permiso del usuario modificado: 2, permiso: 12','2015-04-09 09:29:49','127.0.0.1','Mozilla/5.0 (Windows NT 6.1; WOW64; rv:37.0) Gecko/20100101 Firefox/37.0','N'),(271,2,'Manejo de Usuarios','Permiso del usuario modificado: 2, permiso: 8','2015-04-09 09:29:50','127.0.0.1','Mozilla/5.0 (Windows NT 6.1; WOW64; rv:37.0) Gecko/20100101 Firefox/37.0','N'),(272,2,'Manejo de Usuarios','Permiso del usuario modificado: 2, permiso: 7','2015-04-09 09:29:50','127.0.0.1','Mozilla/5.0 (Windows NT 6.1; WOW64; rv:37.0) Gecko/20100101 Firefox/37.0','N'),(273,2,'Manejo de Usuarios','Permiso del usuario modificado: 2, permiso: 2','2015-04-09 09:29:50','127.0.0.1','Mozilla/5.0 (Windows NT 6.1; WOW64; rv:37.0) Gecko/20100101 Firefox/37.0','N'),(274,2,'Manejo de Usuarios','Permiso del usuario modificado: 2, permiso: 3','2015-04-09 09:29:50','127.0.0.1','Mozilla/5.0 (Windows NT 6.1; WOW64; rv:37.0) Gecko/20100101 Firefox/37.0','N'),(275,2,'Manejo de Usuarios','Permiso del usuario modificado: 2, permiso: 4','2015-04-09 09:29:50','127.0.0.1','Mozilla/5.0 (Windows NT 6.1; WOW64; rv:37.0) Gecko/20100101 Firefox/37.0','N'),(276,2,'Manejo de permisos','Se ha eliminado el permiso: 12.','2015-04-09 09:30:06','127.0.0.1','Mozilla/5.0 (Windows NT 6.1; WOW64; rv:37.0) Gecko/20100101 Firefox/37.0','N'),(277,2,'Manejo de permisos','Se han eliminado las asignaciones de este permiso a los roles: 12.','2015-04-09 09:30:06','127.0.0.1','Mozilla/5.0 (Windows NT 6.1; WOW64; rv:37.0) Gecko/20100101 Firefox/37.0','N'),(278,2,'Manejo de permisos','Se han eliminado las asignaciones de este permiso a los usuarios: 12.','2015-04-09 09:30:06','127.0.0.1','Mozilla/5.0 (Windows NT 6.1; WOW64; rv:37.0) Gecko/20100101 Firefox/37.0','N'),(279,2,'Manejo de roles','El rol ha sido editado : 1.','2015-04-09 09:34:25','127.0.0.1','Mozilla/5.0 (Windows NT 6.1; WOW64; rv:37.0) Gecko/20100101 Firefox/37.0','N'),(280,2,'Manejo de roles','El rol ha sido editado : 1.','2015-04-09 09:46:34','127.0.0.1','Mozilla/5.0 (Windows NT 6.1; WOW64; rv:37.0) Gecko/20100101 Firefox/37.0','N'),(281,2,'Manejo de roles','El rol ha sido editado : 9.','2015-04-09 09:47:25','127.0.0.1','Mozilla/5.0 (Windows NT 6.1; WOW64; rv:37.0) Gecko/20100101 Firefox/37.0','N'),(282,2,'Manejo de roles','Se ha eliminado el rol: 10.','2015-04-09 09:47:31','127.0.0.1','Mozilla/5.0 (Windows NT 6.1; WOW64; rv:37.0) Gecko/20100101 Firefox/37.0','N'),(283,2,'Manejo de roles','Se han eliminado las asignaciones de este rol a los usuarios: 10.','2015-04-09 09:47:31','127.0.0.1','Mozilla/5.0 (Windows NT 6.1; WOW64; rv:37.0) Gecko/20100101 Firefox/37.0','N'),(284,2,'Manejo de roles','Se han eliminado las asignaciones de este rol a los permisos: 10.','2015-04-09 09:47:31','127.0.0.1','Mozilla/5.0 (Windows NT 6.1; WOW64; rv:37.0) Gecko/20100101 Firefox/37.0','N'),(285,2,'Manejo de roles','Se ha eliminado el rol: 9.','2015-04-09 09:47:55','127.0.0.1','Mozilla/5.0 (Windows NT 6.1; WOW64; rv:37.0) Gecko/20100101 Firefox/37.0','N'),(286,2,'Manejo de roles','Se han eliminado las asignaciones de este rol a los usuarios: 9.','2015-04-09 09:47:55','127.0.0.1','Mozilla/5.0 (Windows NT 6.1; WOW64; rv:37.0) Gecko/20100101 Firefox/37.0','N'),(287,2,'Manejo de roles','Se han eliminado las asignaciones de este rol a los permisos: 9.','2015-04-09 09:47:55','127.0.0.1','Mozilla/5.0 (Windows NT 6.1; WOW64; rv:37.0) Gecko/20100101 Firefox/37.0','N'),(288,2,'Manejo de roles','El rol ha sido editado : 1.','2015-04-09 09:48:01','127.0.0.1','Mozilla/5.0 (Windows NT 6.1; WOW64; rv:37.0) Gecko/20100101 Firefox/37.0','N'),(289,2,'Manejo de roles','El rol ha sido editado : 1.','2015-04-09 09:56:16','127.0.0.1','Mozilla/5.0 (Windows NT 6.1; WOW64; rv:37.0) Gecko/20100101 Firefox/37.0','N'),(290,2,'Manejo de roles','El rol ha sido editado : 1.','2015-04-09 09:58:17','127.0.0.1','Mozilla/5.0 (Windows NT 6.1; WOW64; rv:37.0) Gecko/20100101 Firefox/37.0','N'),(291,2,'Manejo de roles','El rol ha sido editado : 1.','2015-04-09 09:58:30','127.0.0.1','Mozilla/5.0 (Windows NT 6.1; WOW64; rv:37.0) Gecko/20100101 Firefox/37.0','N'),(292,2,'Manejo de roles','El rol ha sido editado : 1.','2015-04-09 10:01:11','127.0.0.1','Mozilla/5.0 (Windows NT 6.1; WOW64; rv:37.0) Gecko/20100101 Firefox/37.0','N'),(293,2,'Manejo de roles','El rol ha sido editado : 1.','2015-04-09 10:01:49','127.0.0.1','Mozilla/5.0 (Windows NT 6.1; WOW64; rv:37.0) Gecko/20100101 Firefox/37.0','N'),(294,2,'Manejo de roles','Se ha eliminado el rol: 8.','2015-04-09 10:02:23','127.0.0.1','Mozilla/5.0 (Windows NT 6.1; WOW64; rv:37.0) Gecko/20100101 Firefox/37.0','N'),(295,2,'Manejo de roles','Se han eliminado las asignaciones de este rol a los usuarios: 8.','2015-04-09 10:02:23','127.0.0.1','Mozilla/5.0 (Windows NT 6.1; WOW64; rv:37.0) Gecko/20100101 Firefox/37.0','N'),(296,2,'Manejo de roles','Se han eliminado las asignaciones de este rol a los permisos: 8.','2015-04-09 10:02:23','127.0.0.1','Mozilla/5.0 (Windows NT 6.1; WOW64; rv:37.0) Gecko/20100101 Firefox/37.0','N'),(297,2,'Manejo de roles','Se ha eliminado el rol: 7.','2015-04-09 10:02:44','127.0.0.1','Mozilla/5.0 (Windows NT 6.1; WOW64; rv:37.0) Gecko/20100101 Firefox/37.0','N'),(298,2,'Manejo de roles','Se han eliminado las asignaciones de este rol a los usuarios: 7.','2015-04-09 10:02:44','127.0.0.1','Mozilla/5.0 (Windows NT 6.1; WOW64; rv:37.0) Gecko/20100101 Firefox/37.0','N'),(299,2,'Manejo de roles','Se han eliminado las asignaciones de este rol a los permisos: 7.','2015-04-09 10:02:44','127.0.0.1','Mozilla/5.0 (Windows NT 6.1; WOW64; rv:37.0) Gecko/20100101 Firefox/37.0','N'),(300,2,'Manejo de roles','El rol ha sido agregado: jhkjh','2015-04-09 10:03:01','127.0.0.1','Mozilla/5.0 (Windows NT 6.1; WOW64; rv:37.0) Gecko/20100101 Firefox/37.0','N'),(301,2,'Manejo de roles','Se ha eliminado el rol: 12.','2015-04-09 10:06:45','127.0.0.1','Mozilla/5.0 (Windows NT 6.1; WOW64; rv:37.0) Gecko/20100101 Firefox/37.0','N'),(302,2,'Manejo de roles','Se han eliminado las asignaciones de este rol a los usuarios: 12.','2015-04-09 10:06:45','127.0.0.1','Mozilla/5.0 (Windows NT 6.1; WOW64; rv:37.0) Gecko/20100101 Firefox/37.0','N'),(303,2,'Manejo de roles','Se han eliminado las asignaciones de este rol a los permisos: 12.','2015-04-09 10:06:45','127.0.0.1','Mozilla/5.0 (Windows NT 6.1; WOW64; rv:37.0) Gecko/20100101 Firefox/37.0','N'),(304,2,'Manejo de roles','El rol ha sido editado : 1.','2015-04-09 10:14:30','127.0.0.1','Mozilla/5.0 (Windows NT 6.1; WOW64; rv:37.0) Gecko/20100101 Firefox/37.0','N'),(305,2,'Manejo de roles','El rol ha sido editado : 1.','2015-04-09 10:15:40','127.0.0.1','Mozilla/5.0 (Windows NT 6.1; WOW64; rv:37.0) Gecko/20100101 Firefox/37.0','N'),(306,2,'Manejo de roles','El rol ha sido editado : 1.','2015-04-09 10:22:04','127.0.0.1','Mozilla/5.0 (Windows NT 6.1; WOW64; rv:37.0) Gecko/20100101 Firefox/37.0','N'),(307,2,'Manejo de roles','El rol ha sido editado : 1.','2015-04-09 10:22:47','127.0.0.1','Mozilla/5.0 (Windows NT 6.1; WOW64; rv:37.0) Gecko/20100101 Firefox/37.0','N'),(308,2,'Manejo de roles','Se ha eliminado el rol: 13.','2015-04-09 10:23:08','127.0.0.1','Mozilla/5.0 (Windows NT 6.1; WOW64; rv:37.0) Gecko/20100101 Firefox/37.0','N'),(309,2,'Manejo de roles','Se han eliminado las asignaciones de este rol a los usuarios: 13.','2015-04-09 10:23:08','127.0.0.1','Mozilla/5.0 (Windows NT 6.1; WOW64; rv:37.0) Gecko/20100101 Firefox/37.0','N'),(310,2,'Manejo de roles','Se han eliminado las asignaciones de este rol a los permisos: 13.','2015-04-09 10:23:08','127.0.0.1','Mozilla/5.0 (Windows NT 6.1; WOW64; rv:37.0) Gecko/20100101 Firefox/37.0','N'),(311,2,'Manejo de roles','Se ha eliminado el rol: 11.','2015-04-09 10:23:14','127.0.0.1','Mozilla/5.0 (Windows NT 6.1; WOW64; rv:37.0) Gecko/20100101 Firefox/37.0','N'),(312,2,'Manejo de roles','Se han eliminado las asignaciones de este rol a los usuarios: 11.','2015-04-09 10:23:14','127.0.0.1','Mozilla/5.0 (Windows NT 6.1; WOW64; rv:37.0) Gecko/20100101 Firefox/37.0','N'),(313,2,'Manejo de roles','Se han eliminado las asignaciones de este rol a los permisos: 11.','2015-04-09 10:23:14','127.0.0.1','Mozilla/5.0 (Windows NT 6.1; WOW64; rv:37.0) Gecko/20100101 Firefox/37.0','N'),(314,2,'Manejo de roles','Se ha eliminado el rol: 14.','2015-04-09 10:23:19','127.0.0.1','Mozilla/5.0 (Windows NT 6.1; WOW64; rv:37.0) Gecko/20100101 Firefox/37.0','N'),(315,2,'Manejo de roles','Se han eliminado las asignaciones de este rol a los usuarios: 14.','2015-04-09 10:23:19','127.0.0.1','Mozilla/5.0 (Windows NT 6.1; WOW64; rv:37.0) Gecko/20100101 Firefox/37.0','N'),(316,2,'Manejo de roles','Se han eliminado las asignaciones de este rol a los permisos: 14.','2015-04-09 10:23:19','127.0.0.1','Mozilla/5.0 (Windows NT 6.1; WOW64; rv:37.0) Gecko/20100101 Firefox/37.0','N'),(317,2,'Manejo de roles','El rol ha sido editado : 1.','2015-04-09 10:24:55','127.0.0.1','Mozilla/5.0 (Windows NT 6.1; WOW64; rv:37.0) Gecko/20100101 Firefox/37.0','N'),(318,2,'Manejo de permisos','El permiso ha sido editado : 4.','2015-04-09 10:25:14','127.0.0.1','Mozilla/5.0 (Windows NT 6.1; WOW64; rv:37.0) Gecko/20100101 Firefox/37.0','N'),(319,2,'Manejo de roles','El rol ha sido editado : 1.','2015-04-09 10:28:50','127.0.0.1','Mozilla/5.0 (Windows NT 6.1; WOW64; rv:37.0) Gecko/20100101 Firefox/37.0','N'),(320,2,'Manejo de permisos','El permiso ha sido editado : 4.','2015-04-09 10:29:12','127.0.0.1','Mozilla/5.0 (Windows NT 6.1; WOW64; rv:37.0) Gecko/20100101 Firefox/37.0','N'),(321,2,'Manejo de permisos','El permiso ha sido editado : 4.','2015-04-09 10:30:42','127.0.0.1','Mozilla/5.0 (Windows NT 6.1; WOW64; rv:37.0) Gecko/20100101 Firefox/37.0','N'),(322,2,'Manejo de Usuarios','Permiso del usuario modificado: 2, permiso: 1','2015-04-09 10:36:21','127.0.0.1','Mozilla/5.0 (Windows NT 6.1; WOW64; rv:37.0) Gecko/20100101 Firefox/37.0','N'),(323,2,'Manejo de Usuarios','Permiso del usuario modificado: 2, permiso: 10','2015-04-09 10:36:21','127.0.0.1','Mozilla/5.0 (Windows NT 6.1; WOW64; rv:37.0) Gecko/20100101 Firefox/37.0','N'),(324,2,'Manejo de Usuarios','Permiso del usuario modificado: 2, permiso: 8','2015-04-09 10:36:21','127.0.0.1','Mozilla/5.0 (Windows NT 6.1; WOW64; rv:37.0) Gecko/20100101 Firefox/37.0','N'),(325,2,'Manejo de Usuarios','Permiso del usuario modificado: 2, permiso: 7','2015-04-09 10:36:21','127.0.0.1','Mozilla/5.0 (Windows NT 6.1; WOW64; rv:37.0) Gecko/20100101 Firefox/37.0','N'),(326,2,'Manejo de Usuarios','Permiso del usuario modificado: 2, permiso: 2','2015-04-09 10:36:21','127.0.0.1','Mozilla/5.0 (Windows NT 6.1; WOW64; rv:37.0) Gecko/20100101 Firefox/37.0','N'),(327,2,'Manejo de Usuarios','Permiso del usuario modificado: 2, permiso: 3','2015-04-09 10:36:21','127.0.0.1','Mozilla/5.0 (Windows NT 6.1; WOW64; rv:37.0) Gecko/20100101 Firefox/37.0','N'),(328,2,'Manejo de Usuarios','Permiso del usuario modificado: 2, permiso: 4','2015-04-09 10:36:21','127.0.0.1','Mozilla/5.0 (Windows NT 6.1; WOW64; rv:37.0) Gecko/20100101 Firefox/37.0','N'),(329,2,'Manejo de permisos','El permiso ha sido editado : 10.','2015-04-09 10:36:49','127.0.0.1','Mozilla/5.0 (Windows NT 6.1; WOW64; rv:37.0) Gecko/20100101 Firefox/37.0','N'),(330,2,'Manejo de permisos','El permiso ha sido editado : 10.','2015-04-09 10:37:52','127.0.0.1','Mozilla/5.0 (Windows NT 6.1; WOW64; rv:37.0) Gecko/20100101 Firefox/37.0','N'),(331,2,'Manejo de Usuarios','Permiso del usuario modificado: 2, permiso: 1','2015-04-09 10:38:02','127.0.0.1','Mozilla/5.0 (Windows NT 6.1; WOW64; rv:37.0) Gecko/20100101 Firefox/37.0','N'),(332,2,'Manejo de Usuarios','Permiso del usuario modificado: 2, permiso: 10','2015-04-09 10:38:02','127.0.0.1','Mozilla/5.0 (Windows NT 6.1; WOW64; rv:37.0) Gecko/20100101 Firefox/37.0','N'),(333,2,'Manejo de Usuarios','Permiso del usuario modificado: 2, permiso: 8','2015-04-09 10:38:02','127.0.0.1','Mozilla/5.0 (Windows NT 6.1; WOW64; rv:37.0) Gecko/20100101 Firefox/37.0','N'),(334,2,'Manejo de Usuarios','Permiso del usuario modificado: 2, permiso: 7','2015-04-09 10:38:02','127.0.0.1','Mozilla/5.0 (Windows NT 6.1; WOW64; rv:37.0) Gecko/20100101 Firefox/37.0','N'),(335,2,'Manejo de Usuarios','Permiso del usuario modificado: 2, permiso: 2','2015-04-09 10:38:02','127.0.0.1','Mozilla/5.0 (Windows NT 6.1; WOW64; rv:37.0) Gecko/20100101 Firefox/37.0','N'),(336,2,'Manejo de Usuarios','Permiso del usuario modificado: 2, permiso: 3','2015-04-09 10:38:02','127.0.0.1','Mozilla/5.0 (Windows NT 6.1; WOW64; rv:37.0) Gecko/20100101 Firefox/37.0','N'),(337,2,'Manejo de Usuarios','Permiso del usuario modificado: 2, permiso: 4','2015-04-09 10:38:02','127.0.0.1','Mozilla/5.0 (Windows NT 6.1; WOW64; rv:37.0) Gecko/20100101 Firefox/37.0','N'),(338,2,'Manejo de Usuarios','Permiso del usuario modificado: 2, permiso: 1','2015-04-09 10:38:19','127.0.0.1','Mozilla/5.0 (Windows NT 6.1; WOW64; rv:37.0) Gecko/20100101 Firefox/37.0','N'),(339,2,'Manejo de Usuarios','Permiso del usuario modificado: 2, permiso: 10','2015-04-09 10:38:19','127.0.0.1','Mozilla/5.0 (Windows NT 6.1; WOW64; rv:37.0) Gecko/20100101 Firefox/37.0','N'),(340,2,'Manejo de Usuarios','Permiso del usuario modificado: 2, permiso: 8','2015-04-09 10:38:19','127.0.0.1','Mozilla/5.0 (Windows NT 6.1; WOW64; rv:37.0) Gecko/20100101 Firefox/37.0','N'),(341,2,'Manejo de Usuarios','Permiso del usuario modificado: 2, permiso: 7','2015-04-09 10:38:19','127.0.0.1','Mozilla/5.0 (Windows NT 6.1; WOW64; rv:37.0) Gecko/20100101 Firefox/37.0','N'),(342,2,'Manejo de Usuarios','Permiso del usuario modificado: 2, permiso: 2','2015-04-09 10:38:19','127.0.0.1','Mozilla/5.0 (Windows NT 6.1; WOW64; rv:37.0) Gecko/20100101 Firefox/37.0','N'),(343,2,'Manejo de Usuarios','Permiso del usuario modificado: 2, permiso: 3','2015-04-09 10:38:19','127.0.0.1','Mozilla/5.0 (Windows NT 6.1; WOW64; rv:37.0) Gecko/20100101 Firefox/37.0','N'),(344,2,'Manejo de Usuarios','Permiso del usuario modificado: 2, permiso: 4','2015-04-09 10:38:19','127.0.0.1','Mozilla/5.0 (Windows NT 6.1; WOW64; rv:37.0) Gecko/20100101 Firefox/37.0','N'),(345,2,'Manejo de roles','El rol ha sido editado : 1.','2015-04-09 10:39:58','127.0.0.1','Mozilla/5.0 (Windows NT 6.1; WOW64; rv:37.0) Gecko/20100101 Firefox/37.0','N'),(346,2,'Manejo de roles','El rol ha sido editado : 1.','2015-04-09 10:44:55','127.0.0.1','Mozilla/5.0 (Windows NT 6.1; WOW64; rv:37.0) Gecko/20100101 Firefox/37.0','N'),(347,2,'Manejo de roles','El rol ha sido editado : 1.','2015-04-09 10:46:44','127.0.0.1','Mozilla/5.0 (Windows NT 6.1; WOW64; rv:37.0) Gecko/20100101 Firefox/37.0','N'),(348,2,'Manejo de Usuarios','Usuario desactivado: 3.','2015-04-09 10:47:13','127.0.0.1','Mozilla/5.0 (Windows NT 6.1; WOW64; rv:37.0) Gecko/20100101 Firefox/37.0','N'),(349,2,'Manejo de Usuarios','Usuario desactivado: 1.','2015-04-09 10:47:21','127.0.0.1','Mozilla/5.0 (Windows NT 6.1; WOW64; rv:37.0) Gecko/20100101 Firefox/37.0','N'),(350,2,'Manejo de Usuarios','Nuevo usuario agregado: publicista.','2015-04-09 10:47:49','127.0.0.1','Mozilla/5.0 (Windows NT 6.1; WOW64; rv:37.0) Gecko/20100101 Firefox/37.0','N'),(351,2,'Acceso','Sesión terminada.','2015-04-09 10:47:54','127.0.0.1','Mozilla/5.0 (Windows NT 6.1; WOW64; rv:37.0) Gecko/20100101 Firefox/37.0','N'),(352,5,'Acceso','Sesión iniciada.','2015-04-09 10:48:01','127.0.0.1','Mozilla/5.0 (Windows NT 6.1; WOW64; rv:37.0) Gecko/20100101 Firefox/37.0','N'),(353,2,'Acceso','Sesión iniciada.','2015-04-09 10:48:26','127.0.0.1','Mozilla/5.0 (Windows NT 6.1; WOW64; rv:37.0) Gecko/20100101 Firefox/37.0','N'),(354,2,'Manejo de Usuarios','Rol del usuario modificado. : 5.','2015-04-09 10:48:39','127.0.0.1','Mozilla/5.0 (Windows NT 6.1; WOW64; rv:37.0) Gecko/20100101 Firefox/37.0','N'),(355,2,'Manejo de Usuarios','Rol del usuario modificado. : 5.','2015-04-09 10:48:39','127.0.0.1','Mozilla/5.0 (Windows NT 6.1; WOW64; rv:37.0) Gecko/20100101 Firefox/37.0','N'),(356,2,'Acceso','Sesión terminada por inactividad.','2015-04-09 11:33:56','127.0.0.1','Mozilla/5.0 (Windows NT 6.1; WOW64; rv:37.0) Gecko/20100101 Firefox/37.0','N'),(357,2,'Acceso','Sesión iniciada.','2015-04-09 11:34:01','127.0.0.1','Mozilla/5.0 (Windows NT 6.1; WOW64; rv:37.0) Gecko/20100101 Firefox/37.0','N'),(358,2,'Manejo de roles','El rol ha sido editado : 4.','2015-04-09 11:34:37','127.0.0.1','Mozilla/5.0 (Windows NT 6.1; WOW64; rv:37.0) Gecko/20100101 Firefox/37.0','N'),(359,2,'Acceso','Sesión terminada por inactividad.','2015-04-09 11:55:43','127.0.0.1','Mozilla/5.0 (Windows NT 6.1; WOW64; rv:37.0) Gecko/20100101 Firefox/37.0','N'),(360,2,'Acceso','Sesión iniciada.','2015-04-09 11:55:52','127.0.0.1','Mozilla/5.0 (Windows NT 6.1; WOW64; rv:37.0) Gecko/20100101 Firefox/37.0','N'),(361,2,'Acceso','Sesión terminada.','2015-04-09 12:20:36','127.0.0.1','Mozilla/5.0 (Windows NT 6.1; WOW64; rv:37.0) Gecko/20100101 Firefox/37.0','N'),(362,2,'Acceso','Sesión iniciada.','2015-04-09 12:20:40','127.0.0.1','Mozilla/5.0 (Windows NT 6.1; WOW64; rv:37.0) Gecko/20100101 Firefox/37.0','N'),(363,2,'Manejo de categorías','La categoría ha sido agregada: Vacaciones 4','2015-04-09 13:04:35','127.0.0.1','Mozilla/5.0 (Windows NT 6.1; WOW64; rv:37.0) Gecko/20100101 Firefox/37.0','N'),(364,2,'Acceso','Sesión terminada por inactividad.','2015-04-09 14:27:52','127.0.0.1','Mozilla/5.0 (Windows NT 6.1; WOW64; rv:37.0) Gecko/20100101 Firefox/37.0','N'),(365,2,'Acceso','Sesión iniciada.','2015-04-09 14:27:57','127.0.0.1','Mozilla/5.0 (Windows NT 6.1; WOW64; rv:37.0) Gecko/20100101 Firefox/37.0','N'),(366,2,'Manejo de categorías','La categoría ha sido agregada: Masajes 5','2015-04-09 14:32:25','127.0.0.1','Mozilla/5.0 (Windows NT 6.1; WOW64; rv:37.0) Gecko/20100101 Firefox/37.0','N'),(367,2,'Manejo de categorías','La categoría ha sido agregada: Comida 6','2015-04-09 14:35:35','127.0.0.1','Mozilla/5.0 (Windows NT 6.1; WOW64; rv:37.0) Gecko/20100101 Firefox/37.0','N'),(368,2,'Manejo de categorías','Categoría editada: 4|Vacaciones2.','2015-04-09 15:13:44','127.0.0.1','Mozilla/5.0 (Windows NT 6.1; WOW64; rv:37.0) Gecko/20100101 Firefox/37.0','N'),(369,2,'Manejo de categorías','Categoría editada: 4|Vacaciones.','2015-04-09 15:14:06','127.0.0.1','Mozilla/5.0 (Windows NT 6.1; WOW64; rv:37.0) Gecko/20100101 Firefox/37.0','N'),(370,2,'Manejo de categorías','Error recuperando: ','2015-04-09 15:33:56','127.0.0.1','Mozilla/5.0 (Windows NT 6.1; WOW64; rv:37.0) Gecko/20100101 Firefox/37.0','N'),(371,2,'Manejo de categorías','Error recuperando: ','2015-04-09 15:35:37','127.0.0.1','Mozilla/5.0 (Windows NT 6.1; WOW64; rv:37.0) Gecko/20100101 Firefox/37.0','N'),(372,2,'Manejo de categorías','Error recuperando: ','2015-04-09 15:36:56','127.0.0.1','Mozilla/5.0 (Windows NT 6.1; WOW64; rv:37.0) Gecko/20100101 Firefox/37.0','N'),(373,2,'Manejo de categorías','Error recuperando: ','2015-04-09 15:37:07','127.0.0.1','Mozilla/5.0 (Windows NT 6.1; WOW64; rv:37.0) Gecko/20100101 Firefox/37.0','N'),(374,2,'Manejo de categorías','Error recuperando: ','2015-04-09 15:37:22','127.0.0.1','Mozilla/5.0 (Windows NT 6.1; WOW64; rv:37.0) Gecko/20100101 Firefox/37.0','N'),(375,2,'Manejo de categorías','Error recuperando: ','2015-04-09 15:37:26','127.0.0.1','Mozilla/5.0 (Windows NT 6.1; WOW64; rv:37.0) Gecko/20100101 Firefox/37.0','N'),(376,2,'Manejo de categorías','Error recuperando: ','2015-04-09 15:37:31','127.0.0.1','Mozilla/5.0 (Windows NT 6.1; WOW64; rv:37.0) Gecko/20100101 Firefox/37.0','N'),(377,2,'Manejo de categorías','Error recuperando: ','2015-04-09 15:37:43','127.0.0.1','Mozilla/5.0 (Windows NT 6.1; WOW64; rv:37.0) Gecko/20100101 Firefox/37.0','N'),(378,2,'Manejo de categorías','Error recuperando: ','2015-04-09 15:38:07','127.0.0.1','Mozilla/5.0 (Windows NT 6.1; WOW64; rv:37.0) Gecko/20100101 Firefox/37.0','N'),(379,2,'Manejo de categorías','Error recuperando: ','2015-04-09 15:38:27','127.0.0.1','Mozilla/5.0 (Windows NT 6.1; WOW64; rv:37.0) Gecko/20100101 Firefox/37.0','N'),(380,2,'Manejo de categorías','Error recuperando: ','2015-04-09 15:39:07','127.0.0.1','Mozilla/5.0 (Windows NT 6.1; WOW64; rv:37.0) Gecko/20100101 Firefox/37.0','N'),(381,2,'Manejo de categorías','Error recuperando: ','2015-04-09 15:40:38','127.0.0.1','Mozilla/5.0 (Windows NT 6.1; WOW64; rv:37.0) Gecko/20100101 Firefox/37.0','N'),(382,2,'Manejo de categorías','Error recuperando: ','2015-04-09 15:40:51','127.0.0.1','Mozilla/5.0 (Windows NT 6.1; WOW64; rv:37.0) Gecko/20100101 Firefox/37.0','N'),(383,2,'Manejo de categorías','Error recuperando: ','2015-04-09 15:42:11','127.0.0.1','Mozilla/5.0 (Windows NT 6.1; WOW64; rv:37.0) Gecko/20100101 Firefox/37.0','N'),(384,2,'Manejo de categorías','Error recuperando: ','2015-04-09 15:42:55','127.0.0.1','Mozilla/5.0 (Windows NT 6.1; WOW64; rv:37.0) Gecko/20100101 Firefox/37.0','N'),(385,2,'Manejo de categorías','Error recuperando: ','2015-04-09 15:44:20','127.0.0.1','Mozilla/5.0 (Windows NT 6.1; WOW64; rv:37.0) Gecko/20100101 Firefox/37.0','N'),(386,2,'Manejo de categorías','Categoría desactivada: 4.','2015-04-09 15:56:29','127.0.0.1','Mozilla/5.0 (Windows NT 6.1; WOW64; rv:37.0) Gecko/20100101 Firefox/37.0','N'),(387,2,'Manejo de categorías','Categoría desactivada: 4.','2015-04-09 16:00:20','127.0.0.1','Mozilla/5.0 (Windows NT 6.1; WOW64; rv:37.0) Gecko/20100101 Firefox/37.0','N'),(388,2,'Manejo de categorías','Categoría desactivada: 4.','2015-04-09 16:00:40','127.0.0.1','Mozilla/5.0 (Windows NT 6.1; WOW64; rv:37.0) Gecko/20100101 Firefox/37.0','N'),(389,2,'Manejo de categorías','Categoría activada: 4.','2015-04-09 16:00:46','127.0.0.1','Mozilla/5.0 (Windows NT 6.1; WOW64; rv:37.0) Gecko/20100101 Firefox/37.0','N'),(390,2,'Manejo de categorías','Categoría desactivada: 5.','2015-04-09 16:03:51','127.0.0.1','Mozilla/5.0 (Windows NT 6.1; WOW64; rv:37.0) Gecko/20100101 Firefox/37.0','N'),(391,2,'Manejo de categorías','1054: Unknown column \'fecha\' in \'field list\'','2015-04-09 16:10:25','127.0.0.1','Mozilla/5.0 (Windows NT 6.1; WOW64; rv:37.0) Gecko/20100101 Firefox/37.0','Y'),(392,2,'Manejo de categorías','Categoría activada: 5.','2015-04-09 16:11:01','127.0.0.1','Mozilla/5.0 (Windows NT 6.1; WOW64; rv:37.0) Gecko/20100101 Firefox/37.0','N'),(393,2,'Acceso','Sesión terminada por inactividad.','2015-04-10 06:13:02','127.0.0.1','Mozilla/5.0 (Windows NT 6.1; WOW64; rv:37.0) Gecko/20100101 Firefox/37.0','N'),(394,2,'Acceso','Sesión iniciada.','2015-04-10 06:13:07','127.0.0.1','Mozilla/5.0 (Windows NT 6.1; WOW64; rv:37.0) Gecko/20100101 Firefox/37.0','N'),(395,2,'Acceso','Sesión terminada por inactividad.','2015-04-10 06:33:13','127.0.0.1','Mozilla/5.0 (Windows NT 6.1; WOW64; rv:37.0) Gecko/20100101 Firefox/37.0','N'),(396,2,'Acceso','Sesión iniciada.','2015-04-10 06:33:17','127.0.0.1','Mozilla/5.0 (Windows NT 6.1; WOW64; rv:37.0) Gecko/20100101 Firefox/37.0','N'),(397,2,'Acceso','Sesión terminada por inactividad.','2015-04-10 07:45:55','127.0.0.1','Mozilla/5.0 (Windows NT 6.1; WOW64; rv:37.0) Gecko/20100101 Firefox/37.0','N'),(398,2,'Acceso','Sesión iniciada.','2015-04-10 07:46:00','127.0.0.1','Mozilla/5.0 (Windows NT 6.1; WOW64; rv:37.0) Gecko/20100101 Firefox/37.0','N'),(399,2,'Manejo de roles','El rol ha sido editado : 1.','2015-04-10 07:46:07','127.0.0.1','Mozilla/5.0 (Windows NT 6.1; WOW64; rv:37.0) Gecko/20100101 Firefox/37.0','N'),(400,2,'Manejo de categorías','Categoría desactivada: 5.','2015-04-10 07:52:42','127.0.0.1','Mozilla/5.0 (Windows NT 6.1; WOW64; rv:37.0) Gecko/20100101 Firefox/37.0','N'),(401,2,'Manejo de categorías','Categoría activada: 5.','2015-04-10 07:52:47','127.0.0.1','Mozilla/5.0 (Windows NT 6.1; WOW64; rv:37.0) Gecko/20100101 Firefox/37.0','N'),(402,2,'Acceso','Sesión terminada por inactividad.','2015-04-10 08:17:46','127.0.0.1','Mozilla/5.0 (Windows NT 6.1; WOW64; rv:37.0) Gecko/20100101 Firefox/37.0','N'),(403,2,'Acceso','Sesión iniciada.','2015-04-10 08:26:46','127.0.0.1','Mozilla/5.0 (Windows NT 6.1; WOW64; rv:37.0) Gecko/20100101 Firefox/37.0','N'),(404,2,'Acceso','Sesión terminada por inactividad.','2015-04-10 09:30:49','127.0.0.1','Mozilla/5.0 (Windows NT 6.1; WOW64; rv:37.0) Gecko/20100101 Firefox/37.0','N'),(405,2,'Acceso','Sesión iniciada.','2015-04-10 09:30:54','127.0.0.1','Mozilla/5.0 (Windows NT 6.1; WOW64; rv:37.0) Gecko/20100101 Firefox/37.0','N'),(406,2,'Manejo de categorías','La categoría ha sido agregada: Chicles 7','2015-04-10 09:37:49','127.0.0.1','Mozilla/5.0 (Windows NT 6.1; WOW64; rv:37.0) Gecko/20100101 Firefox/37.0','N'),(407,2,'Manejo de empresas','La empresa ha sido agregada: Chicleros, S.A. 1','2015-04-10 10:23:06','127.0.0.1','Mozilla/5.0 (Windows NT 6.1; WOW64; rv:37.0) Gecko/20100101 Firefox/37.0','N'),(408,2,'Manejo de empresas','Empresa editada: 1|Chicleros, S.A..','2015-04-10 11:05:01','127.0.0.1','Mozilla/5.0 (Windows NT 6.1; WOW64; rv:37.0) Gecko/20100101 Firefox/37.0','N'),(409,2,'Manejo de empresas','Empresa editada: 1|Chicleros, S.A..','2015-04-10 11:16:24','127.0.0.1','Mozilla/5.0 (Windows NT 6.1; WOW64; rv:37.0) Gecko/20100101 Firefox/37.0','N'),(410,2,'Manejo de empresas','Empresa editada: 1|Chicleros, S.A..','2015-04-10 11:16:38','127.0.0.1','Mozilla/5.0 (Windows NT 6.1; WOW64; rv:37.0) Gecko/20100101 Firefox/37.0','N'),(411,2,'Manejo de empresas','Empresa editada: 1|Chicleros, S.A..','2015-04-10 11:29:28','127.0.0.1','Mozilla/5.0 (Windows NT 6.1; WOW64; rv:37.0) Gecko/20100101 Firefox/37.0','N'),(412,2,'Manejo de roles','El rol ha sido editado : 1.','2015-04-10 11:46:21','127.0.0.1','Mozilla/5.0 (Windows NT 6.1; WOW64; rv:37.0) Gecko/20100101 Firefox/37.0','N'),(413,2,'Manejo de roles','El rol ha sido editado : 1.','2015-04-10 11:46:38','127.0.0.1','Mozilla/5.0 (Windows NT 6.1; WOW64; rv:37.0) Gecko/20100101 Firefox/37.0','N'),(414,2,'Manejo de roles','El rol ha sido editado : 1.','2015-04-10 11:46:56','127.0.0.1','Mozilla/5.0 (Windows NT 6.1; WOW64; rv:37.0) Gecko/20100101 Firefox/37.0','N'),(415,2,'Manejo de roles','El rol ha sido editado : 1.','2015-04-10 11:50:05','127.0.0.1','Mozilla/5.0 (Windows NT 6.1; WOW64; rv:37.0) Gecko/20100101 Firefox/37.0','N'),(416,2,'Manejo de roles','El rol ha sido editado : 1.','2015-04-10 11:50:14','127.0.0.1','Mozilla/5.0 (Windows NT 6.1; WOW64; rv:37.0) Gecko/20100101 Firefox/37.0','N'),(417,2,'Manejo de roles','El rol ha sido editado : 1.','2015-04-10 11:57:49','127.0.0.1','Mozilla/5.0 (Windows NT 6.1; WOW64; rv:37.0) Gecko/20100101 Firefox/37.0','N'),(418,2,'Manejo de roles','El rol ha sido editado : 1.','2015-04-10 11:58:06','127.0.0.1','Mozilla/5.0 (Windows NT 6.1; WOW64; rv:37.0) Gecko/20100101 Firefox/37.0','N'),(419,2,'Manejo de roles','El rol ha sido editado : 1.','2015-04-10 11:58:55','127.0.0.1','Mozilla/5.0 (Windows NT 6.1; WOW64; rv:37.0) Gecko/20100101 Firefox/37.0','N'),(420,2,'Manejo de empresas','Empresa activada: 1.','2015-04-10 11:59:25','127.0.0.1','Mozilla/5.0 (Windows NT 6.1; WOW64; rv:37.0) Gecko/20100101 Firefox/37.0','N'),(421,2,'Manejo de empresas','Empresa desactivada: 1.','2015-04-10 11:59:40','127.0.0.1','Mozilla/5.0 (Windows NT 6.1; WOW64; rv:37.0) Gecko/20100101 Firefox/37.0','N'),(422,2,'Acceso','Sesión terminada por inactividad.','2015-04-10 14:26:50','127.0.0.1','Mozilla/5.0 (Windows NT 6.1; WOW64; rv:37.0) Gecko/20100101 Firefox/37.0','N'),(423,2,'Acceso','Sesión iniciada.','2015-04-10 14:26:55','127.0.0.1','Mozilla/5.0 (Windows NT 6.1; WOW64; rv:37.0) Gecko/20100101 Firefox/37.0','N'),(424,2,'Manejo de empresas','Método de pago modificado para la empresa: 1Método: 2','2015-04-10 14:36:36','127.0.0.1','Mozilla/5.0 (Windows NT 6.1; WOW64; rv:37.0) Gecko/20100101 Firefox/37.0','N'),(425,2,'Manejo de empresas','Método de pago modificado para la empresa: 1Método: 1','2015-04-10 14:36:36','127.0.0.1','Mozilla/5.0 (Windows NT 6.1; WOW64; rv:37.0) Gecko/20100101 Firefox/37.0','N'),(426,2,'Manejo de empresas','Método de pago modificado para la empresa: 1 Método: 2','2015-04-10 14:37:14','127.0.0.1','Mozilla/5.0 (Windows NT 6.1; WOW64; rv:37.0) Gecko/20100101 Firefox/37.0','N'),(427,2,'Manejo de empresas','Método de pago modificado para la empresa: 1 Método: 2','2015-04-10 14:37:30','127.0.0.1','Mozilla/5.0 (Windows NT 6.1; WOW64; rv:37.0) Gecko/20100101 Firefox/37.0','N'),(428,2,'Manejo de empresas','Método de pago modificado para la empresa: 1 Método: 1','2015-04-10 14:37:49','127.0.0.1','Mozilla/5.0 (Windows NT 6.1; WOW64; rv:37.0) Gecko/20100101 Firefox/37.0','N'),(429,2,'Manejo de empresas','Método de pago modificado para la empresa: 1 Método: 1','2015-04-10 14:40:41','127.0.0.1','Mozilla/5.0 (Windows NT 6.1; WOW64; rv:37.0) Gecko/20100101 Firefox/37.0','N'),(430,2,'Manejo de empresas','Método de pago modificado para la empresa: 1 Método: 1','2015-04-10 14:42:14','127.0.0.1','Mozilla/5.0 (Windows NT 6.1; WOW64; rv:37.0) Gecko/20100101 Firefox/37.0','N'),(431,2,'Manejo de empresas','Método de pago modificado para la empresa: 1 Método: 1','2015-04-10 14:42:24','127.0.0.1','Mozilla/5.0 (Windows NT 6.1; WOW64; rv:37.0) Gecko/20100101 Firefox/37.0','N'),(432,2,'Manejo de empresas','Método de pago modificado para la empresa: 1 Método: 1','2015-04-10 14:42:25','127.0.0.1','Mozilla/5.0 (Windows NT 6.1; WOW64; rv:37.0) Gecko/20100101 Firefox/37.0','N'),(433,2,'Manejo de empresas','Método de pago modificado para la empresa: 1 Método: 1','2015-04-10 14:43:43','127.0.0.1','Mozilla/5.0 (Windows NT 6.1; WOW64; rv:37.0) Gecko/20100101 Firefox/37.0','N'),(434,2,'Manejo de empresas','Método de pago modificado para la empresa: 1 Método: 2','2015-04-10 14:46:02','127.0.0.1','Mozilla/5.0 (Windows NT 6.1; WOW64; rv:37.0) Gecko/20100101 Firefox/37.0','N'),(435,2,'Manejo de empresas','Empresa editada: 1|Chicleros, S.A..','2015-04-10 14:46:02','127.0.0.1','Mozilla/5.0 (Windows NT 6.1; WOW64; rv:37.0) Gecko/20100101 Firefox/37.0','N'),(436,2,'Manejo de empresas','Método de pago modificado para la empresa: 1 Método: 1','2015-04-10 14:52:40','127.0.0.1','Mozilla/5.0 (Windows NT 6.1; WOW64; rv:37.0) Gecko/20100101 Firefox/37.0','N'),(437,2,'Manejo de empresas','Empresa editada: 1|Chicleros, S.A..','2015-04-10 14:52:40','127.0.0.1','Mozilla/5.0 (Windows NT 6.1; WOW64; rv:37.0) Gecko/20100101 Firefox/37.0','N'),(438,2,'Manejo de empresas','Método de pago modificado para la empresa: 1 Método: 2','2015-04-10 15:11:58','127.0.0.1','Mozilla/5.0 (Windows NT 6.1; WOW64; rv:37.0) Gecko/20100101 Firefox/37.0','N'),(439,2,'Manejo de empresas','Método de pago modificado para la empresa: 1 Método: 1','2015-04-10 15:11:58','127.0.0.1','Mozilla/5.0 (Windows NT 6.1; WOW64; rv:37.0) Gecko/20100101 Firefox/37.0','N'),(440,2,'Manejo de empresas','Empresa editada: 1|Chicleros, S.A..','2015-04-10 15:11:58','127.0.0.1','Mozilla/5.0 (Windows NT 6.1; WOW64; rv:37.0) Gecko/20100101 Firefox/37.0','N'),(441,2,'Manejo de empresas','Método de pago modificado para la empresa: 1 Método: 1','2015-04-10 15:12:23','127.0.0.1','Mozilla/5.0 (Windows NT 6.1; WOW64; rv:37.0) Gecko/20100101 Firefox/37.0','N'),(442,2,'Manejo de empresas','Empresa editada: 1|Chicleros, S.A..','2015-04-10 15:12:23','127.0.0.1','Mozilla/5.0 (Windows NT 6.1; WOW64; rv:37.0) Gecko/20100101 Firefox/37.0','N'),(443,2,'Manejo de empresas','Método de pago modificado para la empresa: 1 Método: 2','2015-04-10 15:17:56','127.0.0.1','Mozilla/5.0 (Windows NT 6.1; WOW64; rv:37.0) Gecko/20100101 Firefox/37.0','N'),(444,2,'Manejo de empresas','Método de pago modificado para la empresa: 1 Método: 1','2015-04-10 15:17:56','127.0.0.1','Mozilla/5.0 (Windows NT 6.1; WOW64; rv:37.0) Gecko/20100101 Firefox/37.0','N'),(445,2,'Manejo de empresas','Empresa editada: 1|Chicleros, S.A..','2015-04-10 15:17:56','127.0.0.1','Mozilla/5.0 (Windows NT 6.1; WOW64; rv:37.0) Gecko/20100101 Firefox/37.0','N'),(446,2,'Manejo de empresas','Método de pago modificado para la empresa: 1 Método: 1','2015-04-10 15:24:14','127.0.0.1','Mozilla/5.0 (Windows NT 6.1; WOW64; rv:37.0) Gecko/20100101 Firefox/37.0','N'),(447,2,'Manejo de empresas','Empresa editada: 1|Chicleros, S.A..','2015-04-10 15:24:14','127.0.0.1','Mozilla/5.0 (Windows NT 6.1; WOW64; rv:37.0) Gecko/20100101 Firefox/37.0','N'),(448,2,'Manejo de empresas','Método de pago modificado para la empresa: 1 Método: 2','2015-04-10 15:24:47','127.0.0.1','Mozilla/5.0 (Windows NT 6.1; WOW64; rv:37.0) Gecko/20100101 Firefox/37.0','N'),(449,2,'Manejo de empresas','Empresa editada: 1|Chicleros, S.A..','2015-04-10 15:24:47','127.0.0.1','Mozilla/5.0 (Windows NT 6.1; WOW64; rv:37.0) Gecko/20100101 Firefox/37.0','N'),(450,2,'Manejo de empresas','Método de pago modificado para la empresa: 1 Método: 2','2015-04-10 15:27:53','127.0.0.1','Mozilla/5.0 (Windows NT 6.1; WOW64; rv:37.0) Gecko/20100101 Firefox/37.0','N'),(451,2,'Manejo de empresas','Método de pago modificado para la empresa: 1 Método: 1','2015-04-10 15:27:53','127.0.0.1','Mozilla/5.0 (Windows NT 6.1; WOW64; rv:37.0) Gecko/20100101 Firefox/37.0','N'),(452,2,'Manejo de empresas','Empresa editada: 1|Chicleros, S.A..','2015-04-10 15:27:53','127.0.0.1','Mozilla/5.0 (Windows NT 6.1; WOW64; rv:37.0) Gecko/20100101 Firefox/37.0','N'),(453,2,'Manejo de empresas','Método de pago modificado para la empresa: 1 Método: 1','2015-04-10 15:28:04','127.0.0.1','Mozilla/5.0 (Windows NT 6.1; WOW64; rv:37.0) Gecko/20100101 Firefox/37.0','N'),(454,2,'Manejo de empresas','Empresa editada: 1|Chicleros, S.A..','2015-04-10 15:28:04','127.0.0.1','Mozilla/5.0 (Windows NT 6.1; WOW64; rv:37.0) Gecko/20100101 Firefox/37.0','N'),(455,5,'Acceso','Sesión iniciada.','2015-04-10 15:30:38','127.0.0.1','Mozilla/5.0 (Windows NT 6.1; WOW64) AppleWebKit/537.36 (KHTML, like Gecko) Chrome/41.0.2272.118 Safari/537.36 OPR/28.0.1750.51','N'),(456,2,'Manejo de empresas','La empresa ha sido agregada: hkjhkjhkj 2','2015-04-10 15:38:27','127.0.0.1','Mozilla/5.0 (Windows NT 6.1; WOW64; rv:37.0) Gecko/20100101 Firefox/37.0','N'),(457,2,'Manejo de empresas','1452: Cannot add or update a child row: a foreign key constraint fails (`ofertasgt`.`metodo_empresa`, CONSTRAINT `fk_empresa_id` FOREIGN KEY (`empresa_id`) REFERENCES `empresa` (`empresa_id`) ON DELETE CASCADE ON UPDATE CASCADE)','2015-04-10 15:38:27','127.0.0.1','Mozilla/5.0 (Windows NT 6.1; WOW64; rv:37.0) Gecko/20100101 Firefox/37.0','Y'),(458,2,'Manejo de empresas','Método de pago modificado para la empresa: 2 Método: 2','2015-04-10 15:42:35','127.0.0.1','Mozilla/5.0 (Windows NT 6.1; WOW64; rv:37.0) Gecko/20100101 Firefox/37.0','N'),(459,2,'Manejo de empresas','Empresa editada: 2|hkjhkjhkj.','2015-04-10 15:42:35','127.0.0.1','Mozilla/5.0 (Windows NT 6.1; WOW64; rv:37.0) Gecko/20100101 Firefox/37.0','N'),(460,2,'Manejo de empresas','La empresa ha sido agregada: kkkkkkk 3','2015-04-10 15:43:02','127.0.0.1','Mozilla/5.0 (Windows NT 6.1; WOW64; rv:37.0) Gecko/20100101 Firefox/37.0','N'),(461,2,'Manejo de empresas','Método de pago modificado para la empresa: 3 Método: 2','2015-04-10 15:43:02','127.0.0.1','Mozilla/5.0 (Windows NT 6.1; WOW64; rv:37.0) Gecko/20100101 Firefox/37.0','N'),(462,2,'Manejo de empresas','Método de pago modificado para la empresa: 3 Método: 1','2015-04-10 15:43:02','127.0.0.1','Mozilla/5.0 (Windows NT 6.1; WOW64; rv:37.0) Gecko/20100101 Firefox/37.0','N'),(463,2,'Manejo de roles','El rol ha sido editado : 1.','2015-04-10 15:44:56','127.0.0.1','Mozilla/5.0 (Windows NT 6.1; WOW64; rv:37.0) Gecko/20100101 Firefox/37.0','N'),(464,2,'Acceso','Sesión terminada.','2015-04-10 15:55:45','127.0.0.1','Mozilla/5.0 (Windows NT 6.1; WOW64; rv:37.0) Gecko/20100101 Firefox/37.0','N'),(465,2,'Acceso','Sesión iniciada.','2015-04-10 15:55:49','127.0.0.1','Mozilla/5.0 (Windows NT 6.1; WOW64; rv:37.0) Gecko/20100101 Firefox/37.0','N');
/*!40000 ALTER TABLE `registro` ENABLE KEYS */;
UNLOCK TABLES;

--
-- Table structure for table `rol`
--

DROP TABLE IF EXISTS `rol`;
/*!40101 SET @saved_cs_client     = @@character_set_client */;
/*!40101 SET character_set_client = utf8 */;
CREATE TABLE `rol` (
  `rol_id` int(10) unsigned NOT NULL AUTO_INCREMENT COMMENT 'Un idendificador autoincremental y arbitrario para la tabla.',
  `nombre` varchar(45) NOT NULL COMMENT 'Nombre del rol.',
  PRIMARY KEY (`rol_id`)
) ENGINE=InnoDB AUTO_INCREMENT=15 DEFAULT CHARSET=utf8 COMMENT='Tabla de almacenamiento de los roles.';
/*!40101 SET character_set_client = @saved_cs_client */;

--
-- Dumping data for table `rol`
--

LOCK TABLES `rol` WRITE;
/*!40000 ALTER TABLE `rol` DISABLE KEYS */;
INSERT INTO `rol` VALUES (1,'Administrador'),(4,'Empresario');
/*!40000 ALTER TABLE `rol` ENABLE KEYS */;
UNLOCK TABLES;

--
-- Table structure for table `rol_permiso`
--

DROP TABLE IF EXISTS `rol_permiso`;
/*!40101 SET @saved_cs_client     = @@character_set_client */;
/*!40101 SET character_set_client = utf8 */;
CREATE TABLE `rol_permiso` (
  `rol_permiso_id` int(10) unsigned NOT NULL AUTO_INCREMENT,
  `rol_id` int(10) unsigned NOT NULL COMMENT 'Id del rol.',
  `permiso_id` int(10) unsigned NOT NULL COMMENT 'Id del permiso.',
  `valor` tinyint(1) NOT NULL COMMENT 'Valor que representa si el rol tiene un permiso o no tiene permiso o no lo tiene asignado.',
  `fecha` datetime NOT NULL DEFAULT CURRENT_TIMESTAMP COMMENT 'Fecha de la creación/modificación.',
  PRIMARY KEY (`rol_permiso_id`),
  KEY `fk_rol_id_idx` (`rol_id`),
  KEY `fk_permiso_id_idx` (`permiso_id`),
  CONSTRAINT `fk_permiso_id_rol_permiso` FOREIGN KEY (`permiso_id`) REFERENCES `permiso` (`permiso_id`) ON DELETE CASCADE ON UPDATE CASCADE,
  CONSTRAINT `fk_rol_id_rol_permiso` FOREIGN KEY (`rol_id`) REFERENCES `rol` (`rol_id`) ON DELETE CASCADE ON UPDATE CASCADE
) ENGINE=InnoDB AUTO_INCREMENT=318 DEFAULT CHARSET=utf8 COMMENT='Esta tabla almacena las asignaciones de permisos a roles.';
/*!40101 SET character_set_client = @saved_cs_client */;

--
-- Dumping data for table `rol_permiso`
--

LOCK TABLES `rol_permiso` WRITE;
/*!40000 ALTER TABLE `rol_permiso` DISABLE KEYS */;
INSERT INTO `rol_permiso` VALUES (251,4,1,1,'2015-04-09 11:34:37'),(252,4,7,1,'2015-04-09 11:34:37'),(312,1,1,1,'2015-04-10 15:44:56'),(313,1,10,1,'2015-04-10 15:44:56'),(314,1,8,1,'2015-04-10 15:44:56'),(315,1,2,1,'2015-04-10 15:44:56'),(316,1,3,1,'2015-04-10 15:44:56'),(317,1,4,1,'2015-04-10 15:44:56');
/*!40000 ALTER TABLE `rol_permiso` ENABLE KEYS */;
UNLOCK TABLES;

--
-- Table structure for table `rol_usuario`
--

DROP TABLE IF EXISTS `rol_usuario`;
/*!40101 SET @saved_cs_client     = @@character_set_client */;
/*!40101 SET character_set_client = utf8 */;
CREATE TABLE `rol_usuario` (
  `rol_usuario_id` int(10) unsigned NOT NULL AUTO_INCREMENT COMMENT 'Un idendificador autoincremental y arbitrario para la tabla.',
  `usuario_id` int(10) unsigned NOT NULL COMMENT 'Id del usuario.',
  `rol_id` int(10) unsigned NOT NULL COMMENT 'Id del rol.',
  `fecha` datetime NOT NULL DEFAULT CURRENT_TIMESTAMP COMMENT 'Fecha en que se crea/modifica.',
  PRIMARY KEY (`rol_usuario_id`),
  KEY `fk_usuario_id_idx` (`usuario_id`),
  KEY `fk_rol_id_idx` (`rol_id`),
  CONSTRAINT `fk_rol_id_rol_usuario` FOREIGN KEY (`rol_id`) REFERENCES `rol` (`rol_id`) ON DELETE CASCADE ON UPDATE CASCADE,
  CONSTRAINT `fk_usuario_id_rol_usuario` FOREIGN KEY (`usuario_id`) REFERENCES `usuario` (`usuario_id`) ON DELETE CASCADE ON UPDATE CASCADE
) ENGINE=InnoDB AUTO_INCREMENT=20 DEFAULT CHARSET=utf8 COMMENT='Acá se almacenan las asignaciones de roles a usuarios.';
/*!40101 SET character_set_client = @saved_cs_client */;

--
-- Dumping data for table `rol_usuario`
--

LOCK TABLES `rol_usuario` WRITE;
/*!40000 ALTER TABLE `rol_usuario` DISABLE KEYS */;
INSERT INTO `rol_usuario` VALUES (18,2,1,'2015-04-09 09:37:13'),(19,5,4,'2015-04-09 10:48:39');
/*!40000 ALTER TABLE `rol_usuario` ENABLE KEYS */;
UNLOCK TABLES;

--
-- Table structure for table `sesion`
--

DROP TABLE IF EXISTS `sesion`;
/*!40101 SET @saved_cs_client     = @@character_set_client */;
/*!40101 SET character_set_client = utf8 */;
CREATE TABLE `sesion` (
  `sesion_id` varchar(50) NOT NULL COMMENT 'Identificador de la sesión.',
  `usuario_id` int(10) unsigned NOT NULL COMMENT 'Id del usuario.',
  `uacceso` datetime NOT NULL COMMENT 'Últma fecha de modificación.',
  `datos` text NOT NULL COMMENT 'Datos de la sesión.',
  PRIMARY KEY (`sesion_id`),
  KEY `fk_usuario_id_idx` (`usuario_id`),
  CONSTRAINT `fk_usuario_id_sesion` FOREIGN KEY (`usuario_id`) REFERENCES `usuario` (`usuario_id`) ON DELETE CASCADE ON UPDATE CASCADE
) ENGINE=InnoDB DEFAULT CHARSET=utf8 COMMENT='Contiene las sesiones de los usuarios.';
/*!40101 SET character_set_client = @saved_cs_client */;

--
-- Dumping data for table `sesion`
--

LOCK TABLES `sesion` WRITE;
/*!40000 ALTER TABLE `sesion` DISABLE KEYS */;
INSERT INTO `sesion` VALUES ('c5lshe6pjeprmvp8ngtbtq8g51',5,'2015-04-10 15:54:26','{\"navegador\":\"Mozilla\\/5.0 (Windows NT 6.1; WOW64) AppleWebKit\\/537.36 (KHTML, like Gecko) Chrome\\/41.0.2272.118 Safari\\/537.36 OPR\\/28.0.1750.51\",\"ip\":\"127.0.0.1\"}'),('kjr6ouftqmn1r3cpil999sb3s0',2,'2015-04-10 15:55:50','{\"navegador\":\"Mozilla\\/5.0 (Windows NT 6.1; WOW64; rv:37.0) Gecko\\/20100101 Firefox\\/37.0\",\"ip\":\"127.0.0.1\"}');
/*!40000 ALTER TABLE `sesion` ENABLE KEYS */;
UNLOCK TABLES;

--
-- Table structure for table `usuario`
--

DROP TABLE IF EXISTS `usuario`;
/*!40101 SET @saved_cs_client     = @@character_set_client */;
/*!40101 SET character_set_client = utf8 */;
CREATE TABLE `usuario` (
  `usuario_id` int(10) unsigned NOT NULL AUTO_INCREMENT COMMENT 'Un idendificador autoincremental y arbitrario para la tabla.',
  `usuario` varchar(50) NOT NULL COMMENT 'Nombre del usuario.',
  `clave` varchar(128) NOT NULL COMMENT 'Hash de la clave del usuario.',
  `correo` varchar(100) NOT NULL COMMENT 'Correo del usuario.',
  `uacceso` datetime NOT NULL DEFAULT CURRENT_TIMESTAMP COMMENT 'Última vez que accedió al sistema.',
  `estado` enum('Y','N') NOT NULL COMMENT 'Si está activo Y, si no lo está N.',
  `usesion` datetime NOT NULL DEFAULT CURRENT_TIMESTAMP,
  `intento` tinyint(4) NOT NULL,
  PRIMARY KEY (`usuario_id`)
) ENGINE=InnoDB AUTO_INCREMENT=6 DEFAULT CHARSET=utf8 COMMENT='Tabla que almacena los datos básicos del usuario para que pueda autenticarse en el sistema.';
/*!40101 SET character_set_client = @saved_cs_client */;

--
-- Dumping data for table `usuario`
--

LOCK TABLES `usuario` WRITE;
/*!40000 ALTER TABLE `usuario` DISABLE KEYS */;
INSERT INTO `usuario` VALUES (0,'','','','2015-04-06 11:02:56','N','2015-04-07 10:21:16',0),(1,'usuario123','clave123','asdf@asdf.com','2015-04-07 09:12:53','N','2015-04-07 09:12:53',0),(2,'edrperez','c0716db9d4710535f9ed79ab862b5f2275ca6092','edrperez@gmail.com','2015-04-10 15:55:49','Y','2015-04-10 15:55:50',0),(3,'julio','julio99','asdf64@asdf.com','2015-04-07 09:15:47','N','2015-04-07 09:15:47',0),(4,'asdfasdf','f883e55deb147c2f0d4b89902b1ed9963991d29a','asdf@localhost.com','2015-04-07 11:37:55','N','2015-04-07 11:37:58',0),(5,'publicista','f933e7e56ab77231962e288fb3d211c575b6c221','publicista@empresa.com','2015-04-10 15:30:38','Y','2015-04-10 15:54:26',0);
/*!40000 ALTER TABLE `usuario` ENABLE KEYS */;
UNLOCK TABLES;

--
-- Dumping events for database 'ofertasgt'
--

--
-- Dumping routines for database 'ofertasgt'
--
/*!40103 SET TIME_ZONE=@OLD_TIME_ZONE */;

/*!40101 SET SQL_MODE=@OLD_SQL_MODE */;
/*!40014 SET FOREIGN_KEY_CHECKS=@OLD_FOREIGN_KEY_CHECKS */;
/*!40014 SET UNIQUE_CHECKS=@OLD_UNIQUE_CHECKS */;
/*!40101 SET CHARACTER_SET_CLIENT=@OLD_CHARACTER_SET_CLIENT */;
/*!40101 SET CHARACTER_SET_RESULTS=@OLD_CHARACTER_SET_RESULTS */;
/*!40101 SET COLLATION_CONNECTION=@OLD_COLLATION_CONNECTION */;
/*!40111 SET SQL_NOTES=@OLD_SQL_NOTES */;

-- Dump completed on 2015-04-10 15:58:31
