-- MySQL dump 10.13  Distrib 5.6.23, for Win64 (x86_64)
--
-- Host: 127.0.0.1    Database: ofertasgt
-- ------------------------------------------------------
-- Server version	5.6.21

/*!40101 SET @OLD_CHARACTER_SET_CLIENT=@@CHARACTER_SET_CLIENT */;
/*!40101 SET @OLD_CHARACTER_SET_RESULTS=@@CHARACTER_SET_RESULTS */;
/*!40101 SET @OLD_COLLATION_CONNECTION=@@COLLATION_CONNECTION */;
/*!40101 SET NAMES utf8 */;
/*!40103 SET @OLD_TIME_ZONE=@@TIME_ZONE */;
/*!40103 SET TIME_ZONE='+00:00' */;
/*!40014 SET @OLD_UNIQUE_CHECKS=@@UNIQUE_CHECKS, UNIQUE_CHECKS=0 */;
/*!40014 SET @OLD_FOREIGN_KEY_CHECKS=@@FOREIGN_KEY_CHECKS, FOREIGN_KEY_CHECKS=0 */;
/*!40101 SET @OLD_SQL_MODE=@@SQL_MODE, SQL_MODE='NO_AUTO_VALUE_ON_ZERO' */;
/*!40111 SET @OLD_SQL_NOTES=@@SQL_NOTES, SQL_NOTES=0 */;

--
-- Table structure for table `categoria`
--

DROP TABLE IF EXISTS `categoria`;
/*!40101 SET @saved_cs_client     = @@character_set_client */;
/*!40101 SET character_set_client = utf8 */;
CREATE TABLE `categoria` (
  `categoria_id` int(10) unsigned NOT NULL AUTO_INCREMENT COMMENT 'Un idendificador autoincremental y arbitrario para la tabla.',
  `nombre` varchar(50) NOT NULL COMMENT 'El nombre de la categoría.',
  `estado` enum('Y','N') NOT NULL COMMENT 'Estado activado o desactivado.',
  `modificado` datetime NOT NULL DEFAULT CURRENT_TIMESTAMP COMMENT 'Fecha de última modificación.',
  `usuario_id` int(10) unsigned NOT NULL COMMENT 'Último usuario que lo modificó.',
  PRIMARY KEY (`categoria_id`),
  KEY `fk_usuario_id_idx` (`usuario_id`),
  CONSTRAINT `fk_usuario_id_categoria` FOREIGN KEY (`usuario_id`) REFERENCES `usuario` (`usuario_id`) ON DELETE CASCADE ON UPDATE CASCADE
) ENGINE=InnoDB AUTO_INCREMENT=17 DEFAULT CHARSET=utf8 COMMENT='Este es el listado de categorías de ofertas y su estado activo/inactivo.';
/*!40101 SET character_set_client = @saved_cs_client */;

--
-- Dumping data for table `categoria`
--

LOCK TABLES `categoria` WRITE;
/*!40000 ALTER TABLE `categoria` DISABLE KEYS */;
INSERT INTO `categoria` VALUES (4,'Vacaciones','Y','2015-04-09 13:04:35',2),(5,'Masajes','Y','2015-04-10 07:52:47',2),(6,'Comida','Y','2015-04-09 14:35:35',2),(7,'Chiclesñ','Y','2015-04-14 09:24:00',2),(8,'asdfasdf123','N','2015-04-17 08:42:06',2),(9,'hbjhkjhkh','Y','2015-04-16 16:01:46',2),(10,'hjhkjhk','Y','2015-04-16 16:01:50',2),(11,'fghfghf','N','2015-04-16 16:09:14',2),(12,'fjhgjhg','Y','2015-04-16 16:01:58',2),(13,'fhjgfjhgf','Y','2015-04-16 16:02:02',2),(14,'fjhgfjhgfjhgf','Y','2015-04-16 16:02:07',2),(15,'hkjhk','Y','2015-04-16 16:04:29',2),(16,'ñandú','Y','2015-04-17 08:35:12',2);
/*!40000 ALTER TABLE `categoria` ENABLE KEYS */;
UNLOCK TABLES;

--
-- Table structure for table `empresa`
--

DROP TABLE IF EXISTS `empresa`;
/*!40101 SET @saved_cs_client     = @@character_set_client */;
/*!40101 SET character_set_client = utf8 */;
CREATE TABLE `empresa` (
  `empresa_id` int(10) unsigned NOT NULL AUTO_INCREMENT COMMENT 'Un idendificador autoincremental y arbitrario para la tabla.',
  `nombre` varchar(100) NOT NULL COMMENT 'Nombre de la empresa.',
  `usuario_id` int(10) unsigned NOT NULL COMMENT 'El usuario que es propietario de ésta empresa.',
  `telefonos` varchar(100) NOT NULL COMMENT 'Un arreglo almacenado en formato JSON donde están los teléfonos de la empresa.',
  `correo` varchar(100) NOT NULL COMMENT 'Correo electrónico de la empresa.',
  `web` varchar(255) DEFAULT NULL COMMENT 'Sitio Web de la empresa.',
  `direccion` text NOT NULL COMMENT 'Dirección física de la empresa. Aquí va departamento, municipio, etc.',
  `estado` enum('Y','N') NOT NULL COMMENT 'Si está activa Y, si no lo está N.',
  `modificado` datetime NOT NULL DEFAULT CURRENT_TIMESTAMP COMMENT 'Fecha de última modificación.',
  PRIMARY KEY (`empresa_id`),
  KEY `fk_usuario_id_idx` (`usuario_id`),
  CONSTRAINT `fk_usuario_id_empresa` FOREIGN KEY (`usuario_id`) REFERENCES `usuario` (`usuario_id`) ON DELETE CASCADE ON UPDATE CASCADE
) ENGINE=InnoDB AUTO_INCREMENT=4 DEFAULT CHARSET=utf8 COMMENT='Contiene los datos básicos de cada empresa.';
/*!40101 SET character_set_client = @saved_cs_client */;

--
-- Dumping data for table `empresa`
--

LOCK TABLES `empresa` WRITE;
/*!40000 ALTER TABLE `empresa` DISABLE KEYS */;
INSERT INTO `empresa` VALUES (1,'Chicleros, S.A.',5,'{\"telefono1\":\"45678912\",\"telefono2\":\"76543218\",\"telefono3\":\"32165487\"}','ventas@chicleros.com','http://www.chicleros.com','5ta. Avenida 8-06, Zona 9, Guatemala','Y','2015-04-17 08:47:58'),(2,'hkjhkjhkj',3,'{\"telefono1\":\"kjhfgghfhjgfjh\",\"telefono2\":\"ghjgfjhgkjhf\",\"telefono3\":\"kgkjhg\"}','asdf@asfasdf.com','http://www.asdf.com','jjjjjjjjjjjj','N','2015-04-10 15:42:35'),(3,'Koalas',5,'{\"telefono1\":\"12345678\",\"telefono2\":\"98765432\",\"telefono3\":\"45612378\"}','asdf@koalas.net','http://koalas.net','5ta. Avenida','N','2015-04-17 10:03:28');
/*!40000 ALTER TABLE `empresa` ENABLE KEYS */;
UNLOCK TABLES;

--
-- Table structure for table `imagen`
--

DROP TABLE IF EXISTS `imagen`;
/*!40101 SET @saved_cs_client     = @@character_set_client */;
/*!40101 SET character_set_client = utf8 */;
CREATE TABLE `imagen` (
  `imagen_id` int(10) unsigned NOT NULL AUTO_INCREMENT COMMENT 'Un idendificador autoincremental y arbitrario para la tabla.',
  `oferta_id` int(10) unsigned NOT NULL COMMENT 'Id de la oferta a la que pertenece.',
  `nombre` varchar(45) NOT NULL COMMENT 'Nombre de la imagen.',
  `modificado` datetime NOT NULL DEFAULT CURRENT_TIMESTAMP COMMENT 'Fecha de modificación.',
  PRIMARY KEY (`imagen_id`),
  KEY `fk_oferta_id_imagen_idx` (`oferta_id`),
  CONSTRAINT `fk_oferta_id_imagen` FOREIGN KEY (`oferta_id`) REFERENCES `oferta` (`oferta_id`) ON DELETE CASCADE ON UPDATE CASCADE
) ENGINE=InnoDB AUTO_INCREMENT=38 DEFAULT CHARSET=utf8 COMMENT='Almacena los nombres de las imágenes de las ofertas.';
/*!40101 SET character_set_client = @saved_cs_client */;

--
-- Dumping data for table `imagen`
--

LOCK TABLES `imagen` WRITE;
/*!40000 ALTER TABLE `imagen` DISABLE KEYS */;
INSERT INTO `imagen` VALUES (2,1,'29751552fe067791070.35770508.jpg','2015-04-16 10:16:39'),(10,1,'13103552fe0677bfe86.04145440.jpg','2015-04-16 10:16:39'),(24,1,'11899552fe1a205b211.38134320.jpg','2015-04-16 10:21:54'),(25,1,'29848552fe1a205f091.73145661.jpg','2015-04-16 10:21:54'),(26,1,'9457552fe1a2066d98.39543758.jpg','2015-04-16 10:21:54'),(27,1,'22742552fe1a206ea94.80199759.jpg','2015-04-16 10:21:54'),(28,1,'14167552fe1a2072914.78045975.jpg','2015-04-16 10:21:54'),(30,1,'7981552fe1a2082322.02726634.jpg','2015-04-16 10:21:54'),(31,1,'11362552fe1a208a023.58595674.jpg','2015-04-16 10:21:54'),(32,1,'29171552fe1a208dea5.41500259.jpg','2015-04-16 10:21:54'),(33,1,'5089552fe35d7e1086.74505400.png','2015-04-16 10:29:17'),(35,4,'1462552fe89e35fcf2.11694435.png','2015-04-16 10:51:42'),(36,4,'4791552fe89e363b71.85677288.png','2015-04-16 10:51:42'),(37,4,'27172552fe89e3679f2.96883000.png','2015-04-16 10:51:42');
/*!40000 ALTER TABLE `imagen` ENABLE KEYS */;
UNLOCK TABLES;

--
-- Table structure for table `metodo`
--

DROP TABLE IF EXISTS `metodo`;
/*!40101 SET @saved_cs_client     = @@character_set_client */;
/*!40101 SET character_set_client = utf8 */;
CREATE TABLE `metodo` (
  `metodo_id` int(10) unsigned NOT NULL AUTO_INCREMENT COMMENT 'Un idendificador autoincremental y arbitrario para la tabla.',
  `nombre` varchar(45) NOT NULL COMMENT 'Nombre del método de pago.',
  `imagen` varchar(45) NOT NULL COMMENT 'Nombre de la imagen que representa al método de pago.',
  `codigo` text COMMENT 'Código de forma de pago para incrustar en el sitio si tiene.',
  `estado` enum('Y','N') NOT NULL COMMENT 'Si está activo Y, si no lo está N.',
  PRIMARY KEY (`metodo_id`)
) ENGINE=InnoDB AUTO_INCREMENT=8 DEFAULT CHARSET=utf8 COMMENT='Almacena los métodos de pago.';
/*!40101 SET character_set_client = @saved_cs_client */;

--
-- Dumping data for table `metodo`
--

LOCK TABLES `metodo` WRITE;
/*!40000 ALTER TABLE `metodo` DISABLE KEYS */;
INSERT INTO `metodo` VALUES (1,'Tarjeta de crédito Visa','12271552d31fe4a8830.61972670.png',NULL,'Y'),(2,'Tarjeta de crédito MasterCard','15162552d2f1f22db68.50568940.png',NULL,'Y'),(4,'jkl','18787552d2f052332f8.84237097.png',NULL,'N'),(5,'koala','12887552d2e82207d36.86445014.png',NULL,'Y'),(6,'ñandú','27613552d30ca6cc3c4.05792257.jpg',NULL,'Y'),(7,'jfjfjfjf123','25387553120a56b0c59.51521257.png',NULL,'Y');
/*!40000 ALTER TABLE `metodo` ENABLE KEYS */;
UNLOCK TABLES;

--
-- Table structure for table `metodo_empresa`
--

DROP TABLE IF EXISTS `metodo_empresa`;
/*!40101 SET @saved_cs_client     = @@character_set_client */;
/*!40101 SET character_set_client = utf8 */;
CREATE TABLE `metodo_empresa` (
  `metodo_id` int(10) unsigned NOT NULL COMMENT 'Id del método de pago.',
  `empresa_id` int(10) unsigned NOT NULL COMMENT 'Id de la empresa.',
  `fecha` datetime NOT NULL DEFAULT CURRENT_TIMESTAMP COMMENT 'Fecha de la última modificación.',
  KEY `fk_metodo_id_idx` (`metodo_id`),
  KEY `fk_empresa_id_idx` (`empresa_id`),
  CONSTRAINT `fk_empresa_id` FOREIGN KEY (`empresa_id`) REFERENCES `empresa` (`empresa_id`) ON DELETE CASCADE ON UPDATE CASCADE,
  CONSTRAINT `fk_metodo_id` FOREIGN KEY (`metodo_id`) REFERENCES `metodo` (`metodo_id`) ON DELETE CASCADE ON UPDATE CASCADE
) ENGINE=InnoDB DEFAULT CHARSET=utf8 COMMENT='Métodos de pago asignados a una empresa.';
/*!40101 SET character_set_client = @saved_cs_client */;

--
-- Dumping data for table `metodo_empresa`
--

LOCK TABLES `metodo_empresa` WRITE;
/*!40000 ALTER TABLE `metodo_empresa` DISABLE KEYS */;
INSERT INTO `metodo_empresa` VALUES (1,1,'2015-04-10 15:28:04'),(2,2,'2015-04-10 15:42:35'),(5,3,'2015-04-17 10:03:28');
/*!40000 ALTER TABLE `metodo_empresa` ENABLE KEYS */;
UNLOCK TABLES;

--
-- Table structure for table `oferta`
--

DROP TABLE IF EXISTS `oferta`;
/*!40101 SET @saved_cs_client     = @@character_set_client */;
/*!40101 SET character_set_client = utf8 */;
CREATE TABLE `oferta` (
  `oferta_id` int(10) unsigned NOT NULL AUTO_INCREMENT COMMENT 'Un idendificador autoincremental y arbitrario para la tabla.',
  `empresa_id` int(10) unsigned NOT NULL COMMENT 'Id de la empresa a la que pertenece esta oferta.',
  `nombre` varchar(100) NOT NULL COMMENT 'Nombre de la oferta.',
  `imagen` varchar(45) NOT NULL COMMENT 'Nombre de la imagen de portada.',
  `precio` double unsigned NOT NULL COMMENT 'Precio de la oferta.',
  `estado` enum('Y','N') NOT NULL COMMENT 'Si está activo Y, si no lo está N.',
  `fechai` datetime NOT NULL DEFAULT CURRENT_TIMESTAMP COMMENT 'Fecha de ingreso.',
  `fecham` datetime NOT NULL DEFAULT CURRENT_TIMESTAMP COMMENT 'Fecha de modificación.',
  `fechaf` datetime NOT NULL DEFAULT CURRENT_TIMESTAMP COMMENT 'Fecha de finalización de la oferta.',
  `descripcion` text COMMENT 'Descripción general de la oferta.',
  `resumen` varchar(150) DEFAULT NULL COMMENT 'Resumen de la oferta.',
  `condiciones` text COMMENT 'Condiciones de uso de la oferta.',
  PRIMARY KEY (`oferta_id`),
  KEY `fk_empresa_id_oferta_idx` (`empresa_id`),
  CONSTRAINT `fk_empresa_id_oferta` FOREIGN KEY (`empresa_id`) REFERENCES `empresa` (`empresa_id`) ON DELETE CASCADE ON UPDATE CASCADE
) ENGINE=InnoDB AUTO_INCREMENT=7 DEFAULT CHARSET=utf8 COMMENT='Almacena las ofertas.';
/*!40101 SET character_set_client = @saved_cs_client */;

--
-- Dumping data for table `oferta`
--

LOCK TABLES `oferta` WRITE;
/*!40000 ALTER TABLE `oferta` DISABLE KEYS */;
INSERT INTO `oferta` VALUES (1,3,'Oferta de algo','5050552d86fd8b2a45.15023253.jpg',399,'Y','2015-04-14 13:59:25','2015-04-17 10:43:58','2015-04-30 11:00:00','<p>La descripci&oacute;n general &ntilde;and&uacute;</p>\r\n<p>&nbsp;</p>\r\n<p>tercera l&iacute;nea</p>\r\n<p>y formatos con <strong>negrilla</strong> e <em>it&aacute;lica</em></p>','Un resumen de una o dos líneas, máxio de 150 carácteres','<h1>Las condiciones:</h1>\r\n<ul>\r\n<li>una condici&oacute;n&ntilde;&iacute;&ntilde;&iacute;</li>\r\n<li>Otra condici&oacute;n.</li>\r\n<ul>\r\n<li>Sub condici&oacute;n</li>\r\n</ul>\r\n</ul>'),(2,3,'hjhkjhkjh','7618552d735e863883.94479740.jpg',157,'N','2015-04-14 14:06:54','2015-04-14 14:06:54','2015-04-15 14:00:00','<p>jhhkjhh</p>','kjkjlkj','<p>jkhhkj</p>'),(3,1,'6687juyug','24972552d73b32d7775.01315811.jpg',200,'N','2015-04-14 14:08:19','2015-04-14 14:08:19','2015-04-16 14:00:00','<p>jgjhgg</p>','hgjhgjhgg','<p>hgjgh</p>'),(4,1,'kjjh','24261552d759be8ef75.80658311.jpg',549,'Y','2015-04-14 14:16:27','2015-04-14 15:49:59','2015-04-17 14:00:00','<p>hjkhkjh</p>','jkhj','<p>lll&ntilde;a&ntilde;a&ntilde;a&ntilde;a&ntilde;a&ntilde;</p>'),(5,1,'jkjkjkj','18670553021968856f9.32150505.png',199,'N','2015-04-16 14:54:46','2015-04-16 14:54:46','2015-04-25 14:00:00','<p><strong>jjjjjjjjjjjjjjjjj</strong></p>','jklñlkjñlkjñlkjñlkjñlk','<p>jhhkjhkjh <em>jhlk</em>j lkjh lkjh</p>'),(6,3,'Una tercera oferta   147','31104553137425d1888.55333725.png',299,'N','2015-04-17 10:27:44','2015-04-17 10:42:28','2015-05-08 12:00:00','<p>la <strong>descripci&oacute;n</strong> del producto456</p>','El resumen + otra palabra123','<p>Las <strong><em>condiciones</em></strong> del producto789</p>');
/*!40000 ALTER TABLE `oferta` ENABLE KEYS */;
UNLOCK TABLES;

--
-- Table structure for table `opcion`
--

DROP TABLE IF EXISTS `opcion`;
/*!40101 SET @saved_cs_client     = @@character_set_client */;
/*!40101 SET character_set_client = utf8 */;
CREATE TABLE `opcion` (
  `opcion_id` int(11) NOT NULL AUTO_INCREMENT COMMENT 'Un idendificador autoincremental y arbitrario para la tabla.',
  `nombre` varchar(45) NOT NULL COMMENT 'El nombre de la opción.',
  `valor` text NOT NULL COMMENT 'El valor de la opción.',
  PRIMARY KEY (`opcion_id`)
) ENGINE=InnoDB AUTO_INCREMENT=5 DEFAULT CHARSET=utf8 COMMENT='Una serie de opciones que pueden servir para realizar ciertas operaciones a nivel global.';
/*!40101 SET character_set_client = @saved_cs_client */;

--
-- Dumping data for table `opcion`
--

LOCK TABLES `opcion` WRITE;
/*!40000 ALTER TABLE `opcion` DISABLE KEYS */;
INSERT INTO `opcion` VALUES (1,'paginaresultados','10'),(2,'intentos','3'),(3,'claveminima','8'),(4,'minssesion','15');
/*!40000 ALTER TABLE `opcion` ENABLE KEYS */;
UNLOCK TABLES;

--
-- Table structure for table `permiso`
--

DROP TABLE IF EXISTS `permiso`;
/*!40101 SET @saved_cs_client     = @@character_set_client */;
/*!40101 SET character_set_client = utf8 */;
CREATE TABLE `permiso` (
  `permiso_id` int(10) unsigned NOT NULL AUTO_INCREMENT COMMENT 'Un idendificador autoincremental y arbitrario para la tabla.',
  `nombre` varchar(45) NOT NULL COMMENT 'Nombre del permiso.',
  `llave` varchar(45) NOT NULL COMMENT 'Llave del permiso.',
  PRIMARY KEY (`permiso_id`)
) ENGINE=InnoDB AUTO_INCREMENT=14 DEFAULT CHARSET=utf8 COMMENT='Tabla que almacena los permisos con su nombre y llave.';
/*!40101 SET character_set_client = @saved_cs_client */;

--
-- Dumping data for table `permiso`
--

LOCK TABLES `permiso` WRITE;
/*!40000 ALTER TABLE `permiso` DISABLE KEYS */;
INSERT INTO `permiso` VALUES (1,'Acceso Administrativo','acceso_administrativo'),(2,'Modificar Permisos','modificar_permisos'),(3,'Modificar Roles','modificar_roles'),(4,'Modificar Usuarios','modificar_usuarios'),(7,'Modificar Empresas','modificar_empresas'),(8,'Modificar Categorías','modificar_categorias'),(10,'Activación de empresas','activar_empresas'),(11,'Modificar Métodos de Pago','modificar_metodos_de_pago'),(12,'Modificar Ofertas','modificar_ofertas');
/*!40000 ALTER TABLE `permiso` ENABLE KEYS */;
UNLOCK TABLES;

--
-- Table structure for table `permiso_usuario`
--

DROP TABLE IF EXISTS `permiso_usuario`;
/*!40101 SET @saved_cs_client     = @@character_set_client */;
/*!40101 SET character_set_client = utf8 */;
CREATE TABLE `permiso_usuario` (
  `permiso_usuario_id` int(10) unsigned NOT NULL AUTO_INCREMENT COMMENT 'Un idendificador autoincremental y arbitrario para la tabla.',
  `usuario_id` int(10) unsigned NOT NULL COMMENT 'Id del usuario.',
  `permiso_id` int(10) unsigned NOT NULL COMMENT 'Id del permiso.',
  `valor` tinyint(1) NOT NULL COMMENT 'Valor que representa si el usuario tiene permiso o no tiene permiso o no lo tiene asignado.',
  `fecha` datetime NOT NULL DEFAULT CURRENT_TIMESTAMP COMMENT 'Fecha de la creación/modificación.',
  PRIMARY KEY (`permiso_usuario_id`),
  KEY `fk_usuario_id_idx` (`usuario_id`),
  KEY `fk_permiso_id_idx` (`permiso_id`),
  CONSTRAINT `fk_permiso_id_permiso_usuario` FOREIGN KEY (`permiso_id`) REFERENCES `permiso` (`permiso_id`) ON DELETE CASCADE ON UPDATE CASCADE,
  CONSTRAINT `fk_usuario_id_permiso_usuario` FOREIGN KEY (`usuario_id`) REFERENCES `usuario` (`usuario_id`) ON DELETE CASCADE ON UPDATE CASCADE
) ENGINE=InnoDB AUTO_INCREMENT=6 DEFAULT CHARSET=utf8 COMMENT='Acá se almacena las asignaciones de permisos a usuarios.';
/*!40101 SET character_set_client = @saved_cs_client */;

--
-- Dumping data for table `permiso_usuario`
--

LOCK TABLES `permiso_usuario` WRITE;
/*!40000 ALTER TABLE `permiso_usuario` DISABLE KEYS */;
INSERT INTO `permiso_usuario` VALUES (1,4,10,1,'2015-04-17 07:51:40'),(2,4,8,1,'2015-04-17 07:51:40'),(3,4,2,1,'2015-04-17 07:51:40'),(4,4,3,1,'2015-04-17 07:51:40'),(5,4,4,1,'2015-04-17 07:51:40');
/*!40000 ALTER TABLE `permiso_usuario` ENABLE KEYS */;
UNLOCK TABLES;

--
-- Table structure for table `registro`
--

DROP TABLE IF EXISTS `registro`;
/*!40101 SET @saved_cs_client     = @@character_set_client */;
/*!40101 SET character_set_client = utf8 */;
CREATE TABLE `registro` (
  `registro_id` int(10) unsigned NOT NULL AUTO_INCREMENT COMMENT 'Un idendificador autoincremental y arbitrario para la tabla.',
  `usuario_id` int(10) unsigned NOT NULL COMMENT 'El id del usuario, si es que hay, del que generó la actividad.',
  `area` varchar(50) NOT NULL COMMENT 'El área del sistema donde ocurrió el evento.',
  `contenido` text NOT NULL COMMENT 'El contenido del registro.',
  `fecha` datetime NOT NULL DEFAULT CURRENT_TIMESTAMP COMMENT 'Fecha y hora del evento.',
  `ip` varchar(45) NOT NULL COMMENT 'IP desde donde se generó el evento.',
  `navegador` tinytext NOT NULL COMMENT 'El navegador del cliente que se utilizó.',
  `error` enum('Y','N') NOT NULL COMMENT 'Si fue un error Y, si no lo fue N.',
  PRIMARY KEY (`registro_id`),
  KEY `fk_usuario_id_idx` (`usuario_id`),
  CONSTRAINT `fk_usuario_id_registro` FOREIGN KEY (`usuario_id`) REFERENCES `usuario` (`usuario_id`) ON DELETE CASCADE ON UPDATE CASCADE
) ENGINE=InnoDB AUTO_INCREMENT=876 DEFAULT CHARSET=utf8 COMMENT='Este es el almacén para todos los eventos que se registran.';
/*!40101 SET character_set_client = @saved_cs_client */;

--
-- Dumping data for table `registro`
--

LOCK TABLES `registro` WRITE;
/*!40000 ALTER TABLE `registro` DISABLE KEYS */;
INSERT INTO `registro` VALUES (1,0,'área ñandú','contenido del registro','2015-04-06 11:03:55','127.0.0.1','Mozilla/5.0 (Windows NT 6.1; WOW64; rv:36.0) Gecko/20100101 Firefox/36.0','N'),(2,0,'área ñandússss','contenido del registro','2015-04-06 11:04:55','127.0.0.1','Mozilla/5.0 (Windows NT 6.1; WOW64; rv:36.0) Gecko/20100101 Firefox/36.0','Y'),(3,0,'áéíóú','ñañasdk asldkj ñlj ñlkjasd | ajsdlñk ','2015-04-06 11:04:55','127.0.0.1','Mozilla/5.0 (Windows NT 6.1; WOW64; rv:36.0) Gecko/20100101 Firefox/36.0','N'),(4,0,'Obtener opción','1146: Table \'ofertasgt.opciones\' doesn\'t exist','2015-04-06 12:44:31','127.0.0.1','Mozilla/5.0 (Windows NT 6.1; WOW64; rv:36.0) Gecko/20100101 Firefox/36.0','Y'),(5,0,'Obtener opción','1054: Unknown column \'nopcion\' in \'field list\'','2015-04-06 12:45:00','127.0.0.1','Mozilla/5.0 (Windows NT 6.1; WOW64; rv:36.0) Gecko/20100101 Firefox/36.0','Y'),(6,0,'Obtener opción','1054: Unknown column \'nopcion\' in \'field list\'','2015-04-06 12:45:11','127.0.0.1','Mozilla/5.0 (Windows NT 6.1; WOW64; rv:36.0) Gecko/20100101 Firefox/36.0','Y'),(7,0,'Obtener opción','1054: Unknown column \'nopcion\' in \'where clause\'','2015-04-06 12:45:49','127.0.0.1','Mozilla/5.0 (Windows NT 6.1; WOW64; rv:36.0) Gecko/20100101 Firefox/36.0','Y'),(8,0,'Obtener opción','0: ','2015-04-07 08:20:28','127.0.0.1','Mozilla/5.0 (Windows NT 6.1; WOW64; rv:37.0) Gecko/20100101 Firefox/37.0','Y'),(10,0,'Manejo de Usuarios','1146: Table \'ofertasgt.usuarios\' doesn\'t exist','2015-04-07 09:05:11','127.0.0.1','Mozilla/5.0 (Windows NT 6.1; WOW64; rv:37.0) Gecko/20100101 Firefox/37.0','Y'),(11,0,'Manejo de Usuarios','1146: Table \'ofertasgt.usuarios\' doesn\'t exist','2015-04-07 09:05:16','127.0.0.1','Mozilla/5.0 (Windows NT 6.1; WOW64; rv:37.0) Gecko/20100101 Firefox/37.0','Y'),(12,0,'Manejo de Usuarios','1146: Table \'ofertasgt.usuarios\' doesn\'t exist','2015-04-07 09:08:02','127.0.0.1','Mozilla/5.0 (Windows NT 6.1; WOW64; rv:37.0) Gecko/20100101 Firefox/37.0','Y'),(13,0,'Manejo de Usuarios','1146: Table \'ofertasgt.usuarios\' doesn\'t exist','2015-04-07 09:12:03','127.0.0.1','Mozilla/5.0 (Windows NT 6.1; WOW64; rv:37.0) Gecko/20100101 Firefox/37.0','Y'),(14,0,'Manejo de Usuarios','Nuevo usuario agregado: usuario123.','2015-04-07 09:12:53','127.0.0.1','Mozilla/5.0 (Windows NT 6.1; WOW64; rv:37.0) Gecko/20100101 Firefox/37.0','N'),(15,0,'Manejo de Usuarios','Nuevo usuario agregado: edrperez.','2015-04-07 09:13:29','127.0.0.1','Mozilla/5.0 (Windows NT 6.1; WOW64; rv:37.0) Gecko/20100101 Firefox/37.0','N'),(16,0,'Manejo de Usuarios','Nuevo usuario agregado: julio.','2015-04-07 09:15:47','127.0.0.1','Mozilla/5.0 (Windows NT 6.1; WOW64; rv:37.0) Gecko/20100101 Firefox/37.0','N'),(17,0,'Obtener opción','0: ','2015-04-07 10:07:43','127.0.0.1','Mozilla/5.0 (Windows NT 6.1; WOW64; rv:37.0) Gecko/20100101 Firefox/37.0','Y'),(18,2,'Acceso','Sesión iniciada.','2015-04-07 10:11:35','127.0.0.1','Mozilla/5.0 (Windows NT 6.1; WOW64; rv:37.0) Gecko/20100101 Firefox/37.0','N'),(19,2,'Acceso','Sesión terminada.','2015-04-07 10:21:16','127.0.0.1','Mozilla/5.0 (Windows NT 6.1; WOW64; rv:37.0) Gecko/20100101 Firefox/37.0','N'),(20,2,'Acceso','Sesión iniciada.','2015-04-07 10:40:31','127.0.0.1','Mozilla/5.0 (Windows NT 6.1; WOW64; rv:37.0) Gecko/20100101 Firefox/37.0','N'),(21,2,'Acceso','Sesión terminada.','2015-04-07 10:42:47','127.0.0.1','Mozilla/5.0 (Windows NT 6.1; WOW64; rv:37.0) Gecko/20100101 Firefox/37.0','N'),(22,2,'Acceso','Sesión iniciada.','2015-04-07 10:42:54','127.0.0.1','Mozilla/5.0 (Windows NT 6.1; WOW64; rv:37.0) Gecko/20100101 Firefox/37.0','N'),(23,2,'Acceso','Sesión terminada.','2015-04-07 10:43:15','127.0.0.1','Mozilla/5.0 (Windows NT 6.1; WOW64; rv:37.0) Gecko/20100101 Firefox/37.0','N'),(24,2,'Acceso','Sesión iniciada.','2015-04-07 10:43:20','127.0.0.1','Mozilla/5.0 (Windows NT 6.1; WOW64; rv:37.0) Gecko/20100101 Firefox/37.0','N'),(25,2,'Acceso','Sesión iniciada.','2015-04-07 10:47:45','127.0.0.1','Mozilla/5.0 (Windows NT 6.1; WOW64; rv:37.0) Gecko/20100101 Firefox/37.0','N'),(26,2,'Acceso','Sesión iniciada.','2015-04-07 10:48:06','127.0.0.1','Mozilla/5.0 (Windows NT 6.1; WOW64; rv:37.0) Gecko/20100101 Firefox/37.0','N'),(27,2,'Acceso','Intento de inicio de sesión con el usuario edrperez.','2015-04-07 10:48:47','127.0.0.1','Mozilla/5.0 (Windows NT 6.1; WOW64; rv:37.0) Gecko/20100101 Firefox/37.0','N'),(28,2,'Acceso','Intento de inicio de sesión con el usuario edrperez.','2015-04-07 10:49:13','127.0.0.1','Mozilla/5.0 (Windows NT 6.1; WOW64; rv:37.0) Gecko/20100101 Firefox/37.0','N'),(29,2,'Acceso','Intento de inicio de sesión con el usuario edrperez.','2015-04-07 10:49:15','127.0.0.1','Mozilla/5.0 (Windows NT 6.1; WOW64; rv:37.0) Gecko/20100101 Firefox/37.0','N'),(30,2,'Acceso','Sesión iniciada.','2015-04-07 10:50:02','127.0.0.1','Mozilla/5.0 (Windows NT 6.1; WOW64; rv:37.0) Gecko/20100101 Firefox/37.0','N'),(31,2,'Manejo de Usuarios','Nuevo usuario agregado: asdfasdf.','2015-04-07 11:02:46','127.0.0.1','Mozilla/5.0 (Windows NT 6.1; WOW64; rv:37.0) Gecko/20100101 Firefox/37.0','N'),(32,2,'Acceso','Sesión terminada.','2015-04-07 11:03:02','127.0.0.1','Mozilla/5.0 (Windows NT 6.1; WOW64; rv:37.0) Gecko/20100101 Firefox/37.0','N'),(33,4,'Acceso','Sesión iniciada.','2015-04-07 11:03:09','127.0.0.1','Mozilla/5.0 (Windows NT 6.1; WOW64; rv:37.0) Gecko/20100101 Firefox/37.0','N'),(34,4,'Acceso','Sesión terminada.','2015-04-07 11:03:34','127.0.0.1','Mozilla/5.0 (Windows NT 6.1; WOW64; rv:37.0) Gecko/20100101 Firefox/37.0','N'),(35,2,'Acceso','Sesión iniciada.','2015-04-07 11:03:39','127.0.0.1','Mozilla/5.0 (Windows NT 6.1; WOW64; rv:37.0) Gecko/20100101 Firefox/37.0','N'),(36,2,'Manejo de Usuarios','Usuario editado: 4|asdfasdf.','2015-04-07 11:36:48','127.0.0.1','Mozilla/5.0 (Windows NT 6.1; WOW64; rv:37.0) Gecko/20100101 Firefox/37.0','N'),(37,2,'Manejo de Usuarios','Usuario editado: 4|asdfasdf.','2015-04-07 11:37:18','127.0.0.1','Mozilla/5.0 (Windows NT 6.1; WOW64; rv:37.0) Gecko/20100101 Firefox/37.0','N'),(38,2,'Acceso','Sesión terminada.','2015-04-07 11:37:41','127.0.0.1','Mozilla/5.0 (Windows NT 6.1; WOW64; rv:37.0) Gecko/20100101 Firefox/37.0','N'),(39,4,'Acceso','Intento de inicio de sesión con el usuario asdfasdf.','2015-04-07 11:37:48','127.0.0.1','Mozilla/5.0 (Windows NT 6.1; WOW64; rv:37.0) Gecko/20100101 Firefox/37.0','N'),(40,4,'Acceso','Sesión iniciada.','2015-04-07 11:37:55','127.0.0.1','Mozilla/5.0 (Windows NT 6.1; WOW64; rv:37.0) Gecko/20100101 Firefox/37.0','N'),(41,4,'Acceso','Sesión terminada.','2015-04-07 11:37:58','127.0.0.1','Mozilla/5.0 (Windows NT 6.1; WOW64; rv:37.0) Gecko/20100101 Firefox/37.0','N'),(42,2,'Acceso','Sesión iniciada.','2015-04-07 11:38:02','127.0.0.1','Mozilla/5.0 (Windows NT 6.1; WOW64; rv:37.0) Gecko/20100101 Firefox/37.0','N'),(43,2,'Manejo de Usuarios','Usuario editado: 4|asdfasdf.','2015-04-07 11:38:23','127.0.0.1','Mozilla/5.0 (Windows NT 6.1; WOW64; rv:37.0) Gecko/20100101 Firefox/37.0','N'),(44,2,'Manejo de Usuarios','Usuario editado: 4|asdfasdf.','2015-04-07 11:45:29','127.0.0.1','Mozilla/5.0 (Windows NT 6.1; WOW64; rv:37.0) Gecko/20100101 Firefox/37.0','N'),(45,2,'Acceso','Sesión terminada por inactividad.','2015-04-07 13:16:25','127.0.0.1','Mozilla/5.0 (Windows NT 6.1; WOW64; rv:37.0) Gecko/20100101 Firefox/37.0','N'),(46,0,'','Usuario activado: 4.','2015-04-07 13:21:40','127.0.0.1','Mozilla/5.0 (Windows NT 6.1; WOW64; rv:37.0) Gecko/20100101 Firefox/37.0','N'),(47,0,'Manejo de Usuarios','Usuario desactivado: 4.','2015-04-07 13:24:08','127.0.0.1','Mozilla/5.0 (Windows NT 6.1; WOW64; rv:37.0) Gecko/20100101 Firefox/37.0','N'),(48,2,'Acceso','Sesión iniciada.','2015-04-07 13:24:39','127.0.0.1','Mozilla/5.0 (Windows NT 6.1; WOW64; rv:37.0) Gecko/20100101 Firefox/37.0','N'),(49,2,'Acceso','Sesión iniciada.','2015-04-07 13:33:07','127.0.0.1','Mozilla/5.0 (Windows NT 6.1; WOW64; rv:37.0) Gecko/20100101 Firefox/37.0','N'),(50,2,'Acceso','Sesión terminada por inactividad.','2015-04-07 14:08:57','127.0.0.1','Mozilla/5.0 (Windows NT 6.1; WOW64; rv:37.0) Gecko/20100101 Firefox/37.0','N'),(51,2,'Acceso','Sesión iniciada.','2015-04-07 14:09:05','127.0.0.1','Mozilla/5.0 (Windows NT 6.1; WOW64; rv:37.0) Gecko/20100101 Firefox/37.0','N'),(52,2,'Acceso','Sesión terminada por inactividad.','2015-04-07 14:43:34','127.0.0.1','Mozilla/5.0 (Windows NT 6.1; WOW64; rv:37.0) Gecko/20100101 Firefox/37.0','N'),(53,2,'Acceso','Sesión iniciada.','2015-04-07 14:43:39','127.0.0.1','Mozilla/5.0 (Windows NT 6.1; WOW64; rv:37.0) Gecko/20100101 Firefox/37.0','N'),(54,2,'Acceso','Sesión terminada por inactividad.','2015-04-07 15:13:10','127.0.0.1','Mozilla/5.0 (Windows NT 6.1; WOW64; rv:37.0) Gecko/20100101 Firefox/37.0','N'),(55,2,'Acceso','Sesión iniciada.','2015-04-07 15:13:34','127.0.0.1','Mozilla/5.0 (Windows NT 6.1; WOW64; rv:37.0) Gecko/20100101 Firefox/37.0','N'),(56,2,'','El permiso ha sido agregado: Acceso Administrativo acceso_administrativo','2015-04-07 15:13:51','127.0.0.1','Mozilla/5.0 (Windows NT 6.1; WOW64; rv:37.0) Gecko/20100101 Firefox/37.0','N'),(57,2,'','El permiso ha sido agregado: Modificar Permisos modificar_permisos','2015-04-07 15:14:38','127.0.0.1','Mozilla/5.0 (Windows NT 6.1; WOW64; rv:37.0) Gecko/20100101 Firefox/37.0','N'),(58,2,'','El permiso ha sido agregado: Modificar Roles modificar_roles','2015-04-07 15:15:14','127.0.0.1','Mozilla/5.0 (Windows NT 6.1; WOW64; rv:37.0) Gecko/20100101 Firefox/37.0','N'),(59,2,'','El permiso ha sido agregado: Modificar Usuarios modificar_usuarios','2015-04-07 15:15:25','127.0.0.1','Mozilla/5.0 (Windows NT 6.1; WOW64; rv:37.0) Gecko/20100101 Firefox/37.0','N'),(60,2,'','El permiso ha sido agregado: Permiso para borrar permiso_borrar','2015-04-07 15:15:44','127.0.0.1','Mozilla/5.0 (Windows NT 6.1; WOW64; rv:37.0) Gecko/20100101 Firefox/37.0','N'),(61,2,'','El permiso ha sido agregado: Modificar Categor','2015-04-07 15:30:52','127.0.0.1','Mozilla/5.0 (Windows NT 6.1; WOW64; rv:37.0) Gecko/20100101 Firefox/37.0','N'),(62,2,'','El permiso ha sido agregado: Modificar Empresas modificar_empresas','2015-04-07 15:31:05','127.0.0.1','Mozilla/5.0 (Windows NT 6.1; WOW64; rv:37.0) Gecko/20100101 Firefox/37.0','N'),(63,2,'','El permiso ha sido agregado: Modificar Categorías modificar_categorias','2015-04-07 15:32:34','127.0.0.1','Mozilla/5.0 (Windows NT 6.1; WOW64; rv:37.0) Gecko/20100101 Firefox/37.0','N'),(64,2,'Acceso','Sesión terminada por inactividad.','2015-04-07 16:16:03','127.0.0.1','Mozilla/5.0 (Windows NT 6.1; WOW64; rv:37.0) Gecko/20100101 Firefox/37.0','N'),(65,2,'Acceso','Sesión iniciada.','2015-04-07 16:16:08','127.0.0.1','Mozilla/5.0 (Windows NT 6.1; WOW64; rv:37.0) Gecko/20100101 Firefox/37.0','N'),(66,0,'ACL','1146: Table \'ofertasgt.rol_usuario\' doesn\'t exist','2015-04-07 16:20:57','127.0.0.1','Mozilla/5.0 (Windows NT 6.1; WOW64; rv:37.0) Gecko/20100101 Firefox/37.0','Y'),(67,0,'ACL','1146: Table \'ofertasgt.rol_usuario\' doesn\'t exist','2015-04-07 16:21:22','127.0.0.1','Mozilla/5.0 (Windows NT 6.1; WOW64; rv:37.0) Gecko/20100101 Firefox/37.0','Y'),(68,2,'','El permiso ha sido agregado: ASDF asdf','2015-04-07 16:25:08','127.0.0.1','Mozilla/5.0 (Windows NT 6.1; WOW64; rv:37.0) Gecko/20100101 Firefox/37.0','N'),(69,2,'',': 9 asdf123.','2015-04-07 16:32:54','127.0.0.1','Mozilla/5.0 (Windows NT 6.1; WOW64; rv:37.0) Gecko/20100101 Firefox/37.0','N'),(70,2,'','El permiso ha sido editado : 9 asdf456.','2015-04-07 16:33:31','127.0.0.1','Mozilla/5.0 (Windows NT 6.1; WOW64; rv:37.0) Gecko/20100101 Firefox/37.0','N'),(71,2,'','El permiso ha sido editado : 5.','2015-04-07 16:34:33','127.0.0.1','Mozilla/5.0 (Windows NT 6.1; WOW64; rv:37.0) Gecko/20100101 Firefox/37.0','N'),(72,2,'Acceso','Sesión terminada por inactividad.','2015-04-08 06:30:44','127.0.0.1','Mozilla/5.0 (Windows NT 6.1; WOW64; rv:37.0) Gecko/20100101 Firefox/37.0','N'),(73,2,'Acceso','Sesión iniciada.','2015-04-08 06:30:49','127.0.0.1','Mozilla/5.0 (Windows NT 6.1; WOW64; rv:37.0) Gecko/20100101 Firefox/37.0','N'),(74,2,'Acceso','Sesión terminada por inactividad.','2015-04-08 09:51:15','127.0.0.1','Mozilla/5.0 (Windows NT 6.1; WOW64; rv:37.0) Gecko/20100101 Firefox/37.0','N'),(75,2,'Acceso','Sesión iniciada.','2015-04-08 09:51:21','127.0.0.1','Mozilla/5.0 (Windows NT 6.1; WOW64; rv:37.0) Gecko/20100101 Firefox/37.0','N'),(76,2,'','El permiso ha sido editado : 5.','2015-04-08 10:31:52','127.0.0.1','Mozilla/5.0 (Windows NT 6.1; WOW64; rv:37.0) Gecko/20100101 Firefox/37.0','N'),(77,2,'','El permiso ha sido editado : 5.','2015-04-08 10:32:01','127.0.0.1','Mozilla/5.0 (Windows NT 6.1; WOW64; rv:37.0) Gecko/20100101 Firefox/37.0','N'),(78,2,'','Se ha eliminado el permiso: 5.','2015-04-08 10:40:36','127.0.0.1','Mozilla/5.0 (Windows NT 6.1; WOW64; rv:37.0) Gecko/20100101 Firefox/37.0','N'),(79,2,'','Se han eliminado las asignaciones de este permiso a los roles: 5.','2015-04-08 10:40:36','127.0.0.1','Mozilla/5.0 (Windows NT 6.1; WOW64; rv:37.0) Gecko/20100101 Firefox/37.0','N'),(80,2,'','Se han eliminado las asignaciones de este permiso a los usuarios: 5.','2015-04-08 10:40:36','127.0.0.1','Mozilla/5.0 (Windows NT 6.1; WOW64; rv:37.0) Gecko/20100101 Firefox/37.0','N'),(81,2,'','El permiso ha sido editado : 9.','2015-04-08 10:40:47','127.0.0.1','Mozilla/5.0 (Windows NT 6.1; WOW64; rv:37.0) Gecko/20100101 Firefox/37.0','N'),(82,2,'','Se ha eliminado el permiso: 9.','2015-04-08 10:40:55','127.0.0.1','Mozilla/5.0 (Windows NT 6.1; WOW64; rv:37.0) Gecko/20100101 Firefox/37.0','N'),(83,2,'','Se han eliminado las asignaciones de este permiso a los roles: 9.','2015-04-08 10:40:55','127.0.0.1','Mozilla/5.0 (Windows NT 6.1; WOW64; rv:37.0) Gecko/20100101 Firefox/37.0','N'),(84,2,'','Se han eliminado las asignaciones de este permiso a los usuarios: 9.','2015-04-08 10:40:55','127.0.0.1','Mozilla/5.0 (Windows NT 6.1; WOW64; rv:37.0) Gecko/20100101 Firefox/37.0','N'),(85,2,'','El permiso ha sido agregado: Activación de empresas activar_empresas','2015-04-08 10:43:50','127.0.0.1','Mozilla/5.0 (Windows NT 6.1; WOW64; rv:37.0) Gecko/20100101 Firefox/37.0','N'),(86,2,'Acceso','Sesión terminada por inactividad.','2015-04-08 11:06:35','127.0.0.1','Mozilla/5.0 (Windows NT 6.1; WOW64; rv:37.0) Gecko/20100101 Firefox/37.0','N'),(87,2,'Acceso','Sesión iniciada.','2015-04-08 11:06:39','127.0.0.1','Mozilla/5.0 (Windows NT 6.1; WOW64; rv:37.0) Gecko/20100101 Firefox/37.0','N'),(88,2,'Acceso','Sesión terminada por inactividad.','2015-04-08 12:01:22','127.0.0.1','Mozilla/5.0 (Windows NT 6.1; WOW64; rv:37.0) Gecko/20100101 Firefox/37.0','N'),(89,2,'Acceso','Sesión iniciada.','2015-04-08 12:01:27','127.0.0.1','Mozilla/5.0 (Windows NT 6.1; WOW64; rv:37.0) Gecko/20100101 Firefox/37.0','N'),(90,2,'Acceso','Sesión terminada por inactividad.','2015-04-08 12:31:08','127.0.0.1','Mozilla/5.0 (Windows NT 6.1; WOW64; rv:37.0) Gecko/20100101 Firefox/37.0','N'),(91,2,'Acceso','Sesión iniciada.','2015-04-08 12:31:14','127.0.0.1','Mozilla/5.0 (Windows NT 6.1; WOW64; rv:37.0) Gecko/20100101 Firefox/37.0','N'),(92,2,'Acceso','Sesión terminada por inactividad.','2015-04-08 13:13:08','127.0.0.1','Mozilla/5.0 (Windows NT 6.1; WOW64; rv:37.0) Gecko/20100101 Firefox/37.0','N'),(93,2,'Acceso','Sesión iniciada.','2015-04-08 13:13:14','127.0.0.1','Mozilla/5.0 (Windows NT 6.1; WOW64; rv:37.0) Gecko/20100101 Firefox/37.0','N'),(94,2,'Manejo de roles','El rol ha sido editado : 1.','2015-04-08 13:57:42','127.0.0.1','Mozilla/5.0 (Windows NT 6.1; WOW64; rv:37.0) Gecko/20100101 Firefox/37.0','N'),(95,2,'Manejo de roles','El rol ha sido editado : 1.','2015-04-08 13:58:23','127.0.0.1','Mozilla/5.0 (Windows NT 6.1; WOW64; rv:37.0) Gecko/20100101 Firefox/37.0','N'),(96,2,'Manejo de roles','El rol ha sido editado : 1.','2015-04-08 13:59:33','127.0.0.1','Mozilla/5.0 (Windows NT 6.1; WOW64; rv:37.0) Gecko/20100101 Firefox/37.0','N'),(97,2,'Manejo de roles','El rol ha sido editado : 1.','2015-04-08 13:59:50','127.0.0.1','Mozilla/5.0 (Windows NT 6.1; WOW64; rv:37.0) Gecko/20100101 Firefox/37.0','N'),(98,2,'Manejo de permisos','El permiso ha sido editado : 1.','2015-04-08 14:04:49','127.0.0.1','Mozilla/5.0 (Windows NT 6.1; WOW64; rv:37.0) Gecko/20100101 Firefox/37.0','N'),(99,2,'Manejo de permisos','El permiso ha sido editado : 1.','2015-04-08 14:04:56','127.0.0.1','Mozilla/5.0 (Windows NT 6.1; WOW64; rv:37.0) Gecko/20100101 Firefox/37.0','N'),(100,2,'Manejo de roles','El rol ha sido agregado: Para borrar','2015-04-08 14:05:17','127.0.0.1','Mozilla/5.0 (Windows NT 6.1; WOW64; rv:37.0) Gecko/20100101 Firefox/37.0','N'),(101,2,'Manejo de roles','El rol ha sido editado : 1.','2015-04-08 14:05:39','127.0.0.1','Mozilla/5.0 (Windows NT 6.1; WOW64; rv:37.0) Gecko/20100101 Firefox/37.0','N'),(102,2,'Manejo de permisos','El permiso ha sido editado : 1.','2015-04-08 14:06:34','127.0.0.1','Mozilla/5.0 (Windows NT 6.1; WOW64; rv:37.0) Gecko/20100101 Firefox/37.0','N'),(103,2,'Manejo de permisos','El permiso ha sido editado : 1.','2015-04-08 14:06:51','127.0.0.1','Mozilla/5.0 (Windows NT 6.1; WOW64; rv:37.0) Gecko/20100101 Firefox/37.0','N'),(104,2,'Manejo de roles','El rol ha sido editado : 1.','2015-04-08 14:08:41','127.0.0.1','Mozilla/5.0 (Windows NT 6.1; WOW64; rv:37.0) Gecko/20100101 Firefox/37.0','N'),(105,2,'Manejo de roles','El rol ha sido agregado: Otro rol','2015-04-08 14:08:59','127.0.0.1','Mozilla/5.0 (Windows NT 6.1; WOW64; rv:37.0) Gecko/20100101 Firefox/37.0','N'),(106,2,'Manejo de roles','El rol ha sido agregado: Empresario','2015-04-08 14:09:34','127.0.0.1','Mozilla/5.0 (Windows NT 6.1; WOW64; rv:37.0) Gecko/20100101 Firefox/37.0','N'),(107,2,'Manejo de roles','Se ha eliminado el rol: 3.','2015-04-08 14:32:41','127.0.0.1','Mozilla/5.0 (Windows NT 6.1; WOW64; rv:37.0) Gecko/20100101 Firefox/37.0','N'),(108,2,'Manejo de roles','Se han eliminado las asignaciones de este rol a los usuarios: 3.','2015-04-08 14:32:41','127.0.0.1','Mozilla/5.0 (Windows NT 6.1; WOW64; rv:37.0) Gecko/20100101 Firefox/37.0','N'),(109,2,'Manejo de roles','Se han eliminado las asignaciones de este rol a los permisos: 3.','2015-04-08 14:32:41','127.0.0.1','Mozilla/5.0 (Windows NT 6.1; WOW64; rv:37.0) Gecko/20100101 Firefox/37.0','N'),(110,2,'Manejo de roles','Se ha eliminado el rol: 2.','2015-04-08 14:33:17','127.0.0.1','Mozilla/5.0 (Windows NT 6.1; WOW64; rv:37.0) Gecko/20100101 Firefox/37.0','N'),(111,2,'Manejo de roles','Se han eliminado las asignaciones de este rol a los usuarios: 2.','2015-04-08 14:33:17','127.0.0.1','Mozilla/5.0 (Windows NT 6.1; WOW64; rv:37.0) Gecko/20100101 Firefox/37.0','N'),(112,2,'Manejo de roles','Se han eliminado las asignaciones de este rol a los permisos: 2.','2015-04-08 14:33:17','127.0.0.1','Mozilla/5.0 (Windows NT 6.1; WOW64; rv:37.0) Gecko/20100101 Firefox/37.0','N'),(113,2,'Manejo de roles','El rol ha sido agregado: hlkjhlkjhlk','2015-04-08 14:34:09','127.0.0.1','Mozilla/5.0 (Windows NT 6.1; WOW64; rv:37.0) Gecko/20100101 Firefox/37.0','N'),(114,2,'Manejo de roles','Se ha eliminado el rol: 5.','2015-04-08 14:34:18','127.0.0.1','Mozilla/5.0 (Windows NT 6.1; WOW64; rv:37.0) Gecko/20100101 Firefox/37.0','N'),(115,2,'Manejo de roles','Se han eliminado las asignaciones de este rol a los usuarios: 5.','2015-04-08 14:34:18','127.0.0.1','Mozilla/5.0 (Windows NT 6.1; WOW64; rv:37.0) Gecko/20100101 Firefox/37.0','N'),(116,2,'Manejo de roles','Se han eliminado las asignaciones de este rol a los permisos: 5.','2015-04-08 14:34:18','127.0.0.1','Mozilla/5.0 (Windows NT 6.1; WOW64; rv:37.0) Gecko/20100101 Firefox/37.0','N'),(117,2,'Manejo de Usuarios','Rol del usuario modificado. : .','2015-04-08 15:30:39','127.0.0.1','Mozilla/5.0 (Windows NT 6.1; WOW64; rv:37.0) Gecko/20100101 Firefox/37.0','N'),(118,2,'Manejo de Usuarios','Rol del usuario modificado. : .','2015-04-08 15:30:39','127.0.0.1','Mozilla/5.0 (Windows NT 6.1; WOW64; rv:37.0) Gecko/20100101 Firefox/37.0','N'),(119,2,'Manejo de Usuarios','Rol del usuario modificado. : 2.','2015-04-08 15:32:08','127.0.0.1','Mozilla/5.0 (Windows NT 6.1; WOW64; rv:37.0) Gecko/20100101 Firefox/37.0','N'),(120,2,'Manejo de Usuarios','Rol del usuario modificado. : 2.','2015-04-08 15:32:08','127.0.0.1','Mozilla/5.0 (Windows NT 6.1; WOW64; rv:37.0) Gecko/20100101 Firefox/37.0','N'),(121,2,'Manejo de Usuarios','Rol del usuario modificado. : 2.','2015-04-08 15:33:00','127.0.0.1','Mozilla/5.0 (Windows NT 6.1; WOW64; rv:37.0) Gecko/20100101 Firefox/37.0','N'),(122,2,'Manejo de Usuarios','Rol del usuario modificado. : 2.','2015-04-08 15:33:00','127.0.0.1','Mozilla/5.0 (Windows NT 6.1; WOW64; rv:37.0) Gecko/20100101 Firefox/37.0','N'),(123,2,'Manejo de Usuarios','Rol del usuario modificado. : 2.','2015-04-08 15:33:30','127.0.0.1','Mozilla/5.0 (Windows NT 6.1; WOW64; rv:37.0) Gecko/20100101 Firefox/37.0','N'),(124,2,'Manejo de Usuarios','Rol del usuario modificado. : 2.','2015-04-08 15:33:30','127.0.0.1','Mozilla/5.0 (Windows NT 6.1; WOW64; rv:37.0) Gecko/20100101 Firefox/37.0','N'),(125,2,'Manejo de Usuarios','Rol del usuario modificado. : 2.','2015-04-08 15:33:37','127.0.0.1','Mozilla/5.0 (Windows NT 6.1; WOW64; rv:37.0) Gecko/20100101 Firefox/37.0','N'),(126,2,'Manejo de Usuarios','Rol del usuario modificado. : 2.','2015-04-08 15:33:37','127.0.0.1','Mozilla/5.0 (Windows NT 6.1; WOW64; rv:37.0) Gecko/20100101 Firefox/37.0','N'),(127,2,'Manejo de Usuarios','Rol del usuario modificado. : 2.','2015-04-08 15:36:36','127.0.0.1','Mozilla/5.0 (Windows NT 6.1; WOW64; rv:37.0) Gecko/20100101 Firefox/37.0','N'),(128,2,'Manejo de Usuarios','Rol del usuario modificado. : 2.','2015-04-08 15:36:36','127.0.0.1','Mozilla/5.0 (Windows NT 6.1; WOW64; rv:37.0) Gecko/20100101 Firefox/37.0','N'),(129,2,'Manejo de Usuarios','Rol del usuario modificado. : 2.','2015-04-08 15:36:43','127.0.0.1','Mozilla/5.0 (Windows NT 6.1; WOW64; rv:37.0) Gecko/20100101 Firefox/37.0','N'),(130,2,'Manejo de Usuarios','Rol del usuario modificado. : 2.','2015-04-08 15:36:43','127.0.0.1','Mozilla/5.0 (Windows NT 6.1; WOW64; rv:37.0) Gecko/20100101 Firefox/37.0','N'),(131,2,'Manejo de Usuarios','Rol del usuario modificado. : 2.','2015-04-08 15:42:16','127.0.0.1','Mozilla/5.0 (Windows NT 6.1; WOW64; rv:37.0) Gecko/20100101 Firefox/37.0','N'),(132,2,'Manejo de Usuarios','Rol del usuario modificado. : 2.','2015-04-08 15:42:16','127.0.0.1','Mozilla/5.0 (Windows NT 6.1; WOW64; rv:37.0) Gecko/20100101 Firefox/37.0','N'),(133,2,'Manejo de Usuarios','Rol del usuario modificado. : 2.','2015-04-08 15:43:03','127.0.0.1','Mozilla/5.0 (Windows NT 6.1; WOW64; rv:37.0) Gecko/20100101 Firefox/37.0','N'),(134,2,'Manejo de Usuarios','Rol del usuario modificado. : 2.','2015-04-08 15:43:03','127.0.0.1','Mozilla/5.0 (Windows NT 6.1; WOW64; rv:37.0) Gecko/20100101 Firefox/37.0','N'),(135,2,'Manejo de Usuarios','Rol del usuario modificado. : 2.','2015-04-08 15:51:17','127.0.0.1','Mozilla/5.0 (Windows NT 6.1; WOW64; rv:37.0) Gecko/20100101 Firefox/37.0','N'),(136,2,'Manejo de Usuarios','Rol del usuario modificado. : 2.','2015-04-08 15:51:17','127.0.0.1','Mozilla/5.0 (Windows NT 6.1; WOW64; rv:37.0) Gecko/20100101 Firefox/37.0','N'),(137,2,'Manejo de Usuarios','0: ','2015-04-08 15:51:33','127.0.0.1','Mozilla/5.0 (Windows NT 6.1; WOW64; rv:37.0) Gecko/20100101 Firefox/37.0','Y'),(138,2,'Manejo de Usuarios','0: ','2015-04-08 15:52:09','127.0.0.1','Mozilla/5.0 (Windows NT 6.1; WOW64; rv:37.0) Gecko/20100101 Firefox/37.0','Y'),(139,2,'Manejo de Usuarios','Rol del usuario modificado. : 4.','2015-04-08 15:52:57','127.0.0.1','Mozilla/5.0 (Windows NT 6.1; WOW64; rv:37.0) Gecko/20100101 Firefox/37.0','N'),(140,2,'Manejo de Usuarios','Rol del usuario modificado. : 4.','2015-04-08 15:52:57','127.0.0.1','Mozilla/5.0 (Windows NT 6.1; WOW64; rv:37.0) Gecko/20100101 Firefox/37.0','N'),(141,2,'Manejo de Usuarios','Rol del usuario modificado. : 4.','2015-04-08 15:53:04','127.0.0.1','Mozilla/5.0 (Windows NT 6.1; WOW64; rv:37.0) Gecko/20100101 Firefox/37.0','N'),(142,2,'Manejo de Usuarios','Rol del usuario modificado. : 4.','2015-04-08 15:53:04','127.0.0.1','Mozilla/5.0 (Windows NT 6.1; WOW64; rv:37.0) Gecko/20100101 Firefox/37.0','N'),(143,2,'Manejo de Usuarios','Rol del usuario modificado. : 4.','2015-04-08 15:53:14','127.0.0.1','Mozilla/5.0 (Windows NT 6.1; WOW64; rv:37.0) Gecko/20100101 Firefox/37.0','N'),(144,2,'Manejo de Usuarios','Rol del usuario modificado. : 4.','2015-04-08 15:53:14','127.0.0.1','Mozilla/5.0 (Windows NT 6.1; WOW64; rv:37.0) Gecko/20100101 Firefox/37.0','N'),(145,2,'Manejo de Usuarios','Rol del usuario modificado. : 2.','2015-04-08 15:53:33','127.0.0.1','Mozilla/5.0 (Windows NT 6.1; WOW64; rv:37.0) Gecko/20100101 Firefox/37.0','N'),(146,2,'Manejo de Usuarios','Rol del usuario modificado. : 2.','2015-04-08 15:53:33','127.0.0.1','Mozilla/5.0 (Windows NT 6.1; WOW64; rv:37.0) Gecko/20100101 Firefox/37.0','N'),(147,2,'Manejo de Usuarios','Rol del usuario modificado. : 2.','2015-04-08 15:53:41','127.0.0.1','Mozilla/5.0 (Windows NT 6.1; WOW64; rv:37.0) Gecko/20100101 Firefox/37.0','N'),(148,2,'Manejo de Usuarios','Rol del usuario modificado. : 2.','2015-04-08 15:53:41','127.0.0.1','Mozilla/5.0 (Windows NT 6.1; WOW64; rv:37.0) Gecko/20100101 Firefox/37.0','N'),(149,2,'Manejo de Usuarios','Rol del usuario modificado. : 2.','2015-04-08 15:53:56','127.0.0.1','Mozilla/5.0 (Windows NT 6.1; WOW64; rv:37.0) Gecko/20100101 Firefox/37.0','N'),(150,2,'Manejo de Usuarios','Rol del usuario modificado. : 2.','2015-04-08 15:53:56','127.0.0.1','Mozilla/5.0 (Windows NT 6.1; WOW64; rv:37.0) Gecko/20100101 Firefox/37.0','N'),(151,2,'Manejo de roles','El rol ha sido editado : 1.','2015-04-08 15:55:24','127.0.0.1','Mozilla/5.0 (Windows NT 6.1; WOW64; rv:37.0) Gecko/20100101 Firefox/37.0','N'),(152,2,'Manejo de Usuarios','Rol del usuario modificado. : 2.','2015-04-08 15:58:05','127.0.0.1','Mozilla/5.0 (Windows NT 6.1; WOW64; rv:37.0) Gecko/20100101 Firefox/37.0','N'),(153,2,'Manejo de Usuarios','Rol del usuario modificado. : 2.','2015-04-08 15:58:05','127.0.0.1','Mozilla/5.0 (Windows NT 6.1; WOW64; rv:37.0) Gecko/20100101 Firefox/37.0','N'),(154,2,'Manejo de roles','1451: Cannot delete or update a parent row: a foreign key constraint fails (`ofertasgt`.`rol_permiso`, CONSTRAINT `fk_rol_id_rol_permiso` FOREIGN KEY (`rol_id`) REFERENCES `rol` (`rol_id`) ON DELETE NO ACTION ON UPDATE NO ACTION)','2015-04-08 16:06:04','127.0.0.1','Mozilla/5.0 (Windows NT 6.1; WOW64; rv:37.0) Gecko/20100101 Firefox/37.0','Y'),(155,2,'Manejo de roles','1451: Cannot delete or update a parent row: a foreign key constraint fails (`ofertasgt`.`rol_permiso`, CONSTRAINT `fk_rol_id_rol_permiso` FOREIGN KEY (`rol_id`) REFERENCES `rol` (`rol_id`) ON DELETE NO ACTION ON UPDATE NO ACTION)','2015-04-08 16:09:48','127.0.0.1','Mozilla/5.0 (Windows NT 6.1; WOW64; rv:37.0) Gecko/20100101 Firefox/37.0','Y'),(156,2,'Manejo de roles','1451: Cannot delete or update a parent row: a foreign key constraint fails (`ofertasgt`.`rol_permiso`, CONSTRAINT `fk_rol_id_rol_permiso` FOREIGN KEY (`rol_id`) REFERENCES `rol` (`rol_id`) ON DELETE NO ACTION ON UPDATE NO ACTION)','2015-04-08 16:14:20','127.0.0.1','Mozilla/5.0 (Windows NT 6.1; WOW64; rv:37.0) Gecko/20100101 Firefox/37.0','Y'),(157,2,'Manejo de roles','El rol ha sido editado : 1.','2015-04-08 16:22:13','127.0.0.1','Mozilla/5.0 (Windows NT 6.1; WOW64; rv:37.0) Gecko/20100101 Firefox/37.0','N'),(158,2,'Manejo de roles','1451: Cannot delete or update a parent row: a foreign key constraint fails (`ofertasgt`.`rol_usuario`, CONSTRAINT `fk_rol_id_rol_usuario` FOREIGN KEY (`rol_id`) REFERENCES `rol` (`rol_id`) ON DELETE NO ACTION ON UPDATE NO ACTION)','2015-04-08 16:25:13','127.0.0.1','Mozilla/5.0 (Windows NT 6.1; WOW64; rv:37.0) Gecko/20100101 Firefox/37.0','Y'),(159,2,'Manejo de roles','El rol ha sido editado : 1.','2015-04-08 16:28:07','127.0.0.1','Mozilla/5.0 (Windows NT 6.1; WOW64; rv:37.0) Gecko/20100101 Firefox/37.0','N'),(160,2,'Manejo de roles','1451: Cannot delete or update a parent row: a foreign key constraint fails (`ofertasgt`.`rol_usuario`, CONSTRAINT `fk_rol_id_rol_usuario` FOREIGN KEY (`rol_id`) REFERENCES `rol` (`rol_id`))','2015-04-08 16:34:43','127.0.0.1','Mozilla/5.0 (Windows NT 6.1; WOW64; rv:37.0) Gecko/20100101 Firefox/37.0','Y'),(161,2,'Manejo de roles','El rol ha sido editado : 1.','2015-04-08 16:35:40','127.0.0.1','Mozilla/5.0 (Windows NT 6.1; WOW64; rv:37.0) Gecko/20100101 Firefox/37.0','N'),(162,2,'Manejo de roles','El rol ha sido editado : 1.','2015-04-08 16:35:56','127.0.0.1','Mozilla/5.0 (Windows NT 6.1; WOW64; rv:37.0) Gecko/20100101 Firefox/37.0','N'),(163,2,'Manejo de roles','El rol ha sido editado : 1.','2015-04-08 16:38:12','127.0.0.1','Mozilla/5.0 (Windows NT 6.1; WOW64; rv:37.0) Gecko/20100101 Firefox/37.0','N'),(164,2,'Manejo de permisos','El permiso ha sido agregado: borrar borrar','2015-04-08 16:38:58','127.0.0.1','Mozilla/5.0 (Windows NT 6.1; WOW64; rv:37.0) Gecko/20100101 Firefox/37.0','N'),(165,2,'Manejo de permisos','Se ha eliminado el permiso: 11.','2015-04-08 16:39:07','127.0.0.1','Mozilla/5.0 (Windows NT 6.1; WOW64; rv:37.0) Gecko/20100101 Firefox/37.0','N'),(166,2,'Manejo de permisos','Se han eliminado las asignaciones de este permiso a los roles: 11.','2015-04-08 16:39:07','127.0.0.1','Mozilla/5.0 (Windows NT 6.1; WOW64; rv:37.0) Gecko/20100101 Firefox/37.0','N'),(167,2,'Manejo de permisos','Se han eliminado las asignaciones de este permiso a los usuarios: 11.','2015-04-08 16:39:07','127.0.0.1','Mozilla/5.0 (Windows NT 6.1; WOW64; rv:37.0) Gecko/20100101 Firefox/37.0','N'),(168,2,'Manejo de permisos','El permiso ha sido editado : 1.','2015-04-08 16:39:15','127.0.0.1','Mozilla/5.0 (Windows NT 6.1; WOW64; rv:37.0) Gecko/20100101 Firefox/37.0','N'),(169,2,'Manejo de permisos','El permiso ha sido editado : 1.','2015-04-08 16:39:43','127.0.0.1','Mozilla/5.0 (Windows NT 6.1; WOW64; rv:37.0) Gecko/20100101 Firefox/37.0','N'),(170,2,'Acceso','Sesión terminada por inactividad.','2015-04-09 06:12:40','127.0.0.1','Mozilla/5.0 (Windows NT 6.1; WOW64; rv:37.0) Gecko/20100101 Firefox/37.0','N'),(171,2,'Acceso','Sesión iniciada.','2015-04-09 06:12:47','127.0.0.1','Mozilla/5.0 (Windows NT 6.1; WOW64; rv:37.0) Gecko/20100101 Firefox/37.0','N'),(172,2,'Manejo de roles','El rol ha sido editado : 1.','2015-04-09 06:12:56','127.0.0.1','Mozilla/5.0 (Windows NT 6.1; WOW64; rv:37.0) Gecko/20100101 Firefox/37.0','N'),(173,2,'Manejo de roles','El rol ha sido editado : 1.','2015-04-09 06:13:19','127.0.0.1','Mozilla/5.0 (Windows NT 6.1; WOW64; rv:37.0) Gecko/20100101 Firefox/37.0','N'),(174,2,'Manejo de roles','El rol ha sido agregado: Administrador','2015-04-09 06:13:41','127.0.0.1','Mozilla/5.0 (Windows NT 6.1; WOW64; rv:37.0) Gecko/20100101 Firefox/37.0','N'),(175,2,'Manejo de roles','Se ha eliminado el rol: 6.','2015-04-09 06:13:55','127.0.0.1','Mozilla/5.0 (Windows NT 6.1; WOW64; rv:37.0) Gecko/20100101 Firefox/37.0','N'),(176,2,'Manejo de roles','Se han eliminado las asignaciones de este rol a los usuarios: 6.','2015-04-09 06:13:55','127.0.0.1','Mozilla/5.0 (Windows NT 6.1; WOW64; rv:37.0) Gecko/20100101 Firefox/37.0','N'),(177,2,'Manejo de roles','Se han eliminado las asignaciones de este rol a los permisos: 6.','2015-04-09 06:13:55','127.0.0.1','Mozilla/5.0 (Windows NT 6.1; WOW64; rv:37.0) Gecko/20100101 Firefox/37.0','N'),(178,2,'Manejo de roles','El rol ha sido editado : 1.','2015-04-09 06:14:38','127.0.0.1','Mozilla/5.0 (Windows NT 6.1; WOW64; rv:37.0) Gecko/20100101 Firefox/37.0','N'),(179,2,'Manejo de roles','El rol ha sido editado : 1.','2015-04-09 06:15:01','127.0.0.1','Mozilla/5.0 (Windows NT 6.1; WOW64; rv:37.0) Gecko/20100101 Firefox/37.0','N'),(180,2,'Manejo de roles','El rol ha sido agregado: hklj','2015-04-09 06:15:14','127.0.0.1','Mozilla/5.0 (Windows NT 6.1; WOW64; rv:37.0) Gecko/20100101 Firefox/37.0','N'),(181,2,'Manejo de roles','El rol ha sido editado : 7.','2015-04-09 06:20:12','127.0.0.1','Mozilla/5.0 (Windows NT 6.1; WOW64; rv:37.0) Gecko/20100101 Firefox/37.0','N'),(182,2,'Manejo de roles','El rol ha sido editado : 7.','2015-04-09 06:20:39','127.0.0.1','Mozilla/5.0 (Windows NT 6.1; WOW64; rv:37.0) Gecko/20100101 Firefox/37.0','N'),(183,2,'Manejo de roles','El rol ha sido editado : 7.','2015-04-09 06:21:29','127.0.0.1','Mozilla/5.0 (Windows NT 6.1; WOW64; rv:37.0) Gecko/20100101 Firefox/37.0','N'),(184,2,'Manejo de roles','El rol ha sido editado : 7.','2015-04-09 06:23:46','127.0.0.1','Mozilla/5.0 (Windows NT 6.1; WOW64; rv:37.0) Gecko/20100101 Firefox/37.0','N'),(185,2,'Manejo de roles','El rol ha sido agregado: ffffff','2015-04-09 06:24:01','127.0.0.1','Mozilla/5.0 (Windows NT 6.1; WOW64; rv:37.0) Gecko/20100101 Firefox/37.0','N'),(186,2,'Manejo de permisos','El permiso ha sido editado : 2.','2015-04-09 06:25:02','127.0.0.1','Mozilla/5.0 (Windows NT 6.1; WOW64; rv:37.0) Gecko/20100101 Firefox/37.0','N'),(187,2,'Manejo de permisos','El permiso ha sido editado : 2.','2015-04-09 06:25:24','127.0.0.1','Mozilla/5.0 (Windows NT 6.1; WOW64; rv:37.0) Gecko/20100101 Firefox/37.0','N'),(188,2,'Acceso','Sesión terminada por inactividad.','2015-04-09 07:49:31','127.0.0.1','Mozilla/5.0 (Windows NT 6.1; WOW64; rv:37.0) Gecko/20100101 Firefox/37.0','N'),(189,2,'Acceso','Sesión iniciada.','2015-04-09 07:49:37','127.0.0.1','Mozilla/5.0 (Windows NT 6.1; WOW64; rv:37.0) Gecko/20100101 Firefox/37.0','N'),(190,2,'Manejo de roles','El rol ha sido editado : 1.','2015-04-09 08:00:53','127.0.0.1','Mozilla/5.0 (Windows NT 6.1; WOW64; rv:37.0) Gecko/20100101 Firefox/37.0','N'),(191,2,'Manejo de roles','El rol ha sido editado : 4.','2015-04-09 08:01:36','127.0.0.1','Mozilla/5.0 (Windows NT 6.1; WOW64; rv:37.0) Gecko/20100101 Firefox/37.0','N'),(192,2,'Manejo de Usuarios','Rol del usuario modificado. : 2.','2015-04-09 08:02:17','127.0.0.1','Mozilla/5.0 (Windows NT 6.1; WOW64; rv:37.0) Gecko/20100101 Firefox/37.0','N'),(193,2,'Manejo de Usuarios','Rol del usuario modificado. : 2.','2015-04-09 08:02:17','127.0.0.1','Mozilla/5.0 (Windows NT 6.1; WOW64; rv:37.0) Gecko/20100101 Firefox/37.0','N'),(194,2,'Manejo de Usuarios','Rol del usuario modificado. : 2.','2015-04-09 08:02:17','127.0.0.1','Mozilla/5.0 (Windows NT 6.1; WOW64; rv:37.0) Gecko/20100101 Firefox/37.0','N'),(195,2,'Manejo de Usuarios','Rol del usuario modificado. : 2.','2015-04-09 08:02:17','127.0.0.1','Mozilla/5.0 (Windows NT 6.1; WOW64; rv:37.0) Gecko/20100101 Firefox/37.0','N'),(196,2,'Manejo de Usuarios','Rol del usuario modificado. : 2.','2015-04-09 08:02:49','127.0.0.1','Mozilla/5.0 (Windows NT 6.1; WOW64; rv:37.0) Gecko/20100101 Firefox/37.0','N'),(197,2,'Manejo de Usuarios','Rol del usuario modificado. : 2.','2015-04-09 08:02:50','127.0.0.1','Mozilla/5.0 (Windows NT 6.1; WOW64; rv:37.0) Gecko/20100101 Firefox/37.0','N'),(198,2,'Manejo de Usuarios','Rol del usuario modificado. : 2.','2015-04-09 08:02:50','127.0.0.1','Mozilla/5.0 (Windows NT 6.1; WOW64; rv:37.0) Gecko/20100101 Firefox/37.0','N'),(199,2,'Manejo de Usuarios','Rol del usuario modificado. : 2.','2015-04-09 08:02:50','127.0.0.1','Mozilla/5.0 (Windows NT 6.1; WOW64; rv:37.0) Gecko/20100101 Firefox/37.0','N'),(200,2,'Manejo de Usuarios','Permiso del usuario modificado: 2, permiso: 1','2015-04-09 08:29:01','127.0.0.1','Mozilla/5.0 (Windows NT 6.1; WOW64; rv:37.0) Gecko/20100101 Firefox/37.0','N'),(201,2,'Manejo de Usuarios','Permiso del usuario modificado: 2, permiso: 10','2015-04-09 08:29:01','127.0.0.1','Mozilla/5.0 (Windows NT 6.1; WOW64; rv:37.0) Gecko/20100101 Firefox/37.0','N'),(202,2,'Manejo de Usuarios','Permiso del usuario modificado: 2, permiso: 8','2015-04-09 08:29:01','127.0.0.1','Mozilla/5.0 (Windows NT 6.1; WOW64; rv:37.0) Gecko/20100101 Firefox/37.0','N'),(203,2,'Manejo de Usuarios','Permiso del usuario modificado: 2, permiso: 7','2015-04-09 08:29:01','127.0.0.1','Mozilla/5.0 (Windows NT 6.1; WOW64; rv:37.0) Gecko/20100101 Firefox/37.0','N'),(204,2,'Manejo de Usuarios','Permiso del usuario modificado: 2, permiso: 2','2015-04-09 08:29:01','127.0.0.1','Mozilla/5.0 (Windows NT 6.1; WOW64; rv:37.0) Gecko/20100101 Firefox/37.0','N'),(205,2,'Manejo de Usuarios','Permiso del usuario modificado: 2, permiso: 3','2015-04-09 08:29:01','127.0.0.1','Mozilla/5.0 (Windows NT 6.1; WOW64; rv:37.0) Gecko/20100101 Firefox/37.0','N'),(206,2,'Manejo de Usuarios','Permiso del usuario modificado: 2, permiso: 4','2015-04-09 08:29:01','127.0.0.1','Mozilla/5.0 (Windows NT 6.1; WOW64; rv:37.0) Gecko/20100101 Firefox/37.0','N'),(207,2,'Manejo de Usuarios','Permiso del usuario modificado: 2, permiso: 1','2015-04-09 08:30:14','127.0.0.1','Mozilla/5.0 (Windows NT 6.1; WOW64; rv:37.0) Gecko/20100101 Firefox/37.0','N'),(208,2,'Manejo de Usuarios','Permiso del usuario modificado: 2, permiso: 10','2015-04-09 08:30:14','127.0.0.1','Mozilla/5.0 (Windows NT 6.1; WOW64; rv:37.0) Gecko/20100101 Firefox/37.0','N'),(209,2,'Manejo de Usuarios','Permiso del usuario modificado: 2, permiso: 8','2015-04-09 08:30:14','127.0.0.1','Mozilla/5.0 (Windows NT 6.1; WOW64; rv:37.0) Gecko/20100101 Firefox/37.0','N'),(210,2,'Manejo de Usuarios','Permiso del usuario modificado: 2, permiso: 7','2015-04-09 08:30:14','127.0.0.1','Mozilla/5.0 (Windows NT 6.1; WOW64; rv:37.0) Gecko/20100101 Firefox/37.0','N'),(211,2,'Manejo de Usuarios','Permiso del usuario modificado: 2, permiso: 2','2015-04-09 08:30:14','127.0.0.1','Mozilla/5.0 (Windows NT 6.1; WOW64; rv:37.0) Gecko/20100101 Firefox/37.0','N'),(212,2,'Manejo de Usuarios','Permiso del usuario modificado: 2, permiso: 3','2015-04-09 08:30:14','127.0.0.1','Mozilla/5.0 (Windows NT 6.1; WOW64; rv:37.0) Gecko/20100101 Firefox/37.0','N'),(213,2,'Manejo de Usuarios','Permiso del usuario modificado: 2, permiso: 4','2015-04-09 08:30:14','127.0.0.1','Mozilla/5.0 (Windows NT 6.1; WOW64; rv:37.0) Gecko/20100101 Firefox/37.0','N'),(214,2,'Manejo de Usuarios','Permiso del usuario modificado: 2, permiso: 1','2015-04-09 08:33:08','127.0.0.1','Mozilla/5.0 (Windows NT 6.1; WOW64; rv:37.0) Gecko/20100101 Firefox/37.0','N'),(215,2,'Manejo de Usuarios','Permiso del usuario modificado: 2, permiso: 10','2015-04-09 08:33:08','127.0.0.1','Mozilla/5.0 (Windows NT 6.1; WOW64; rv:37.0) Gecko/20100101 Firefox/37.0','N'),(216,2,'Manejo de Usuarios','Permiso del usuario modificado: 2, permiso: 8','2015-04-09 08:33:08','127.0.0.1','Mozilla/5.0 (Windows NT 6.1; WOW64; rv:37.0) Gecko/20100101 Firefox/37.0','N'),(217,2,'Manejo de Usuarios','Permiso del usuario modificado: 2, permiso: 7','2015-04-09 08:33:08','127.0.0.1','Mozilla/5.0 (Windows NT 6.1; WOW64; rv:37.0) Gecko/20100101 Firefox/37.0','N'),(218,2,'Manejo de Usuarios','Permiso del usuario modificado: 2, permiso: 2','2015-04-09 08:33:08','127.0.0.1','Mozilla/5.0 (Windows NT 6.1; WOW64; rv:37.0) Gecko/20100101 Firefox/37.0','N'),(219,2,'Manejo de Usuarios','Permiso del usuario modificado: 2, permiso: 3','2015-04-09 08:33:08','127.0.0.1','Mozilla/5.0 (Windows NT 6.1; WOW64; rv:37.0) Gecko/20100101 Firefox/37.0','N'),(220,2,'Manejo de Usuarios','Permiso del usuario modificado: 2, permiso: 4','2015-04-09 08:33:08','127.0.0.1','Mozilla/5.0 (Windows NT 6.1; WOW64; rv:37.0) Gecko/20100101 Firefox/37.0','N'),(221,2,'Manejo de Usuarios','Permiso del usuario modificado: 2, permiso: 1','2015-04-09 08:33:26','127.0.0.1','Mozilla/5.0 (Windows NT 6.1; WOW64; rv:37.0) Gecko/20100101 Firefox/37.0','N'),(222,2,'Manejo de Usuarios','Permiso del usuario modificado: 2, permiso: 10','2015-04-09 08:33:26','127.0.0.1','Mozilla/5.0 (Windows NT 6.1; WOW64; rv:37.0) Gecko/20100101 Firefox/37.0','N'),(223,2,'Manejo de Usuarios','Permiso del usuario modificado: 2, permiso: 8','2015-04-09 08:33:27','127.0.0.1','Mozilla/5.0 (Windows NT 6.1; WOW64; rv:37.0) Gecko/20100101 Firefox/37.0','N'),(224,2,'Manejo de Usuarios','Permiso del usuario modificado: 2, permiso: 7','2015-04-09 08:33:27','127.0.0.1','Mozilla/5.0 (Windows NT 6.1; WOW64; rv:37.0) Gecko/20100101 Firefox/37.0','N'),(225,2,'Manejo de Usuarios','Permiso del usuario modificado: 2, permiso: 2','2015-04-09 08:33:27','127.0.0.1','Mozilla/5.0 (Windows NT 6.1; WOW64; rv:37.0) Gecko/20100101 Firefox/37.0','N'),(226,2,'Manejo de Usuarios','Permiso del usuario modificado: 2, permiso: 3','2015-04-09 08:33:27','127.0.0.1','Mozilla/5.0 (Windows NT 6.1; WOW64; rv:37.0) Gecko/20100101 Firefox/37.0','N'),(227,2,'Manejo de Usuarios','Permiso del usuario modificado: 2, permiso: 4','2015-04-09 08:33:27','127.0.0.1','Mozilla/5.0 (Windows NT 6.1; WOW64; rv:37.0) Gecko/20100101 Firefox/37.0','N'),(228,2,'Manejo de Usuarios','Permiso del usuario modificado: 2, permiso: 1','2015-04-09 08:33:44','127.0.0.1','Mozilla/5.0 (Windows NT 6.1; WOW64; rv:37.0) Gecko/20100101 Firefox/37.0','N'),(229,2,'Manejo de Usuarios','Permiso del usuario modificado: 2, permiso: 10','2015-04-09 08:33:44','127.0.0.1','Mozilla/5.0 (Windows NT 6.1; WOW64; rv:37.0) Gecko/20100101 Firefox/37.0','N'),(230,2,'Manejo de Usuarios','Permiso del usuario modificado: 2, permiso: 8','2015-04-09 08:33:44','127.0.0.1','Mozilla/5.0 (Windows NT 6.1; WOW64; rv:37.0) Gecko/20100101 Firefox/37.0','N'),(231,2,'Manejo de Usuarios','Permiso del usuario modificado: 2, permiso: 7','2015-04-09 08:33:44','127.0.0.1','Mozilla/5.0 (Windows NT 6.1; WOW64; rv:37.0) Gecko/20100101 Firefox/37.0','N'),(232,2,'Manejo de Usuarios','Permiso del usuario modificado: 2, permiso: 2','2015-04-09 08:33:44','127.0.0.1','Mozilla/5.0 (Windows NT 6.1; WOW64; rv:37.0) Gecko/20100101 Firefox/37.0','N'),(233,2,'Manejo de Usuarios','Permiso del usuario modificado: 2, permiso: 3','2015-04-09 08:33:44','127.0.0.1','Mozilla/5.0 (Windows NT 6.1; WOW64; rv:37.0) Gecko/20100101 Firefox/37.0','N'),(234,2,'Manejo de Usuarios','Permiso del usuario modificado: 2, permiso: 4','2015-04-09 08:33:44','127.0.0.1','Mozilla/5.0 (Windows NT 6.1; WOW64; rv:37.0) Gecko/20100101 Firefox/37.0','N'),(235,2,'Manejo de Usuarios','Permiso del usuario modificado: 2, permiso: 1','2015-04-09 08:34:06','127.0.0.1','Mozilla/5.0 (Windows NT 6.1; WOW64; rv:37.0) Gecko/20100101 Firefox/37.0','N'),(236,2,'Manejo de Usuarios','Permiso del usuario modificado: 2, permiso: 10','2015-04-09 08:34:06','127.0.0.1','Mozilla/5.0 (Windows NT 6.1; WOW64; rv:37.0) Gecko/20100101 Firefox/37.0','N'),(237,2,'Manejo de Usuarios','Permiso del usuario modificado: 2, permiso: 8','2015-04-09 08:34:06','127.0.0.1','Mozilla/5.0 (Windows NT 6.1; WOW64; rv:37.0) Gecko/20100101 Firefox/37.0','N'),(238,2,'Manejo de Usuarios','Permiso del usuario modificado: 2, permiso: 7','2015-04-09 08:34:06','127.0.0.1','Mozilla/5.0 (Windows NT 6.1; WOW64; rv:37.0) Gecko/20100101 Firefox/37.0','N'),(239,2,'Manejo de Usuarios','Permiso del usuario modificado: 2, permiso: 2','2015-04-09 08:34:06','127.0.0.1','Mozilla/5.0 (Windows NT 6.1; WOW64; rv:37.0) Gecko/20100101 Firefox/37.0','N'),(240,2,'Manejo de Usuarios','Permiso del usuario modificado: 2, permiso: 3','2015-04-09 08:34:06','127.0.0.1','Mozilla/5.0 (Windows NT 6.1; WOW64; rv:37.0) Gecko/20100101 Firefox/37.0','N'),(241,2,'Manejo de Usuarios','Permiso del usuario modificado: 2, permiso: 4','2015-04-09 08:34:06','127.0.0.1','Mozilla/5.0 (Windows NT 6.1; WOW64; rv:37.0) Gecko/20100101 Firefox/37.0','N'),(242,2,'Manejo de Usuarios','Permiso del usuario modificado: 2, permiso: 1','2015-04-09 08:34:23','127.0.0.1','Mozilla/5.0 (Windows NT 6.1; WOW64; rv:37.0) Gecko/20100101 Firefox/37.0','N'),(243,2,'Manejo de Usuarios','Permiso del usuario modificado: 2, permiso: 10','2015-04-09 08:34:23','127.0.0.1','Mozilla/5.0 (Windows NT 6.1; WOW64; rv:37.0) Gecko/20100101 Firefox/37.0','N'),(244,2,'Manejo de Usuarios','Permiso del usuario modificado: 2, permiso: 8','2015-04-09 08:34:23','127.0.0.1','Mozilla/5.0 (Windows NT 6.1; WOW64; rv:37.0) Gecko/20100101 Firefox/37.0','N'),(245,2,'Manejo de Usuarios','Permiso del usuario modificado: 2, permiso: 7','2015-04-09 08:34:23','127.0.0.1','Mozilla/5.0 (Windows NT 6.1; WOW64; rv:37.0) Gecko/20100101 Firefox/37.0','N'),(246,2,'Manejo de Usuarios','Permiso del usuario modificado: 2, permiso: 2','2015-04-09 08:34:23','127.0.0.1','Mozilla/5.0 (Windows NT 6.1; WOW64; rv:37.0) Gecko/20100101 Firefox/37.0','N'),(247,2,'Manejo de Usuarios','Permiso del usuario modificado: 2, permiso: 3','2015-04-09 08:34:23','127.0.0.1','Mozilla/5.0 (Windows NT 6.1; WOW64; rv:37.0) Gecko/20100101 Firefox/37.0','N'),(248,2,'Manejo de Usuarios','Permiso del usuario modificado: 2, permiso: 4','2015-04-09 08:34:23','127.0.0.1','Mozilla/5.0 (Windows NT 6.1; WOW64; rv:37.0) Gecko/20100101 Firefox/37.0','N'),(249,2,'Manejo de permisos','El permiso ha sido editado : 8.','2015-04-09 08:34:46','127.0.0.1','Mozilla/5.0 (Windows NT 6.1; WOW64; rv:37.0) Gecko/20100101 Firefox/37.0','N'),(250,2,'Acceso','Sesión terminada por inactividad.','2015-04-09 09:16:52','127.0.0.1','Mozilla/5.0 (Windows NT 6.1; WOW64; rv:37.0) Gecko/20100101 Firefox/37.0','N'),(251,2,'Acceso','Sesión iniciada.','2015-04-09 09:16:58','127.0.0.1','Mozilla/5.0 (Windows NT 6.1; WOW64; rv:37.0) Gecko/20100101 Firefox/37.0','N'),(252,2,'Manejo de permisos','El permiso ha sido editado : 8.','2015-04-09 09:22:40','127.0.0.1','Mozilla/5.0 (Windows NT 6.1; WOW64; rv:37.0) Gecko/20100101 Firefox/37.0','N'),(253,2,'Manejo de permisos','El permiso ha sido editado : 8.','2015-04-09 09:23:14','127.0.0.1','Mozilla/5.0 (Windows NT 6.1; WOW64; rv:37.0) Gecko/20100101 Firefox/37.0','N'),(254,2,'Manejo de Usuarios','Permiso del usuario modificado: 2, permiso: 1','2015-04-09 09:23:54','127.0.0.1','Mozilla/5.0 (Windows NT 6.1; WOW64; rv:37.0) Gecko/20100101 Firefox/37.0','N'),(255,2,'Manejo de Usuarios','Permiso del usuario modificado: 2, permiso: 10','2015-04-09 09:23:54','127.0.0.1','Mozilla/5.0 (Windows NT 6.1; WOW64; rv:37.0) Gecko/20100101 Firefox/37.0','N'),(256,2,'Manejo de Usuarios','Permiso del usuario modificado: 2, permiso: 8','2015-04-09 09:23:54','127.0.0.1','Mozilla/5.0 (Windows NT 6.1; WOW64; rv:37.0) Gecko/20100101 Firefox/37.0','N'),(257,2,'Manejo de Usuarios','Permiso del usuario modificado: 2, permiso: 7','2015-04-09 09:23:54','127.0.0.1','Mozilla/5.0 (Windows NT 6.1; WOW64; rv:37.0) Gecko/20100101 Firefox/37.0','N'),(258,2,'Manejo de Usuarios','Permiso del usuario modificado: 2, permiso: 2','2015-04-09 09:23:54','127.0.0.1','Mozilla/5.0 (Windows NT 6.1; WOW64; rv:37.0) Gecko/20100101 Firefox/37.0','N'),(259,2,'Manejo de Usuarios','Permiso del usuario modificado: 2, permiso: 3','2015-04-09 09:23:54','127.0.0.1','Mozilla/5.0 (Windows NT 6.1; WOW64; rv:37.0) Gecko/20100101 Firefox/37.0','N'),(260,2,'Manejo de Usuarios','Permiso del usuario modificado: 2, permiso: 4','2015-04-09 09:23:54','127.0.0.1','Mozilla/5.0 (Windows NT 6.1; WOW64; rv:37.0) Gecko/20100101 Firefox/37.0','N'),(261,2,'Manejo de roles','El rol ha sido editado : 1.','2015-04-09 09:24:06','127.0.0.1','Mozilla/5.0 (Windows NT 6.1; WOW64; rv:37.0) Gecko/20100101 Firefox/37.0','N'),(262,2,'Manejo de permisos','El permiso ha sido editado : 8.','2015-04-09 09:24:49','127.0.0.1','Mozilla/5.0 (Windows NT 6.1; WOW64; rv:37.0) Gecko/20100101 Firefox/37.0','N'),(263,2,'Manejo de roles','El rol ha sido editado : 1.','2015-04-09 09:25:23','127.0.0.1','Mozilla/5.0 (Windows NT 6.1; WOW64; rv:37.0) Gecko/20100101 Firefox/37.0','N'),(264,2,'Manejo de roles','El rol ha sido editado : 1.','2015-04-09 09:25:29','127.0.0.1','Mozilla/5.0 (Windows NT 6.1; WOW64; rv:37.0) Gecko/20100101 Firefox/37.0','N'),(265,2,'Manejo de roles','El rol ha sido editado : 1.','2015-04-09 09:25:56','127.0.0.1','Mozilla/5.0 (Windows NT 6.1; WOW64; rv:37.0) Gecko/20100101 Firefox/37.0','N'),(266,2,'Manejo de permisos','El permiso ha sido agregado: hykjhk fghf','2015-04-09 09:28:54','127.0.0.1','Mozilla/5.0 (Windows NT 6.1; WOW64; rv:37.0) Gecko/20100101 Firefox/37.0','N'),(267,2,'Manejo de roles','El rol ha sido editado : 1.','2015-04-09 09:29:08','127.0.0.1','Mozilla/5.0 (Windows NT 6.1; WOW64; rv:37.0) Gecko/20100101 Firefox/37.0','N'),(268,2,'Manejo de Usuarios','Permiso del usuario modificado: 2, permiso: 1','2015-04-09 09:29:49','127.0.0.1','Mozilla/5.0 (Windows NT 6.1; WOW64; rv:37.0) Gecko/20100101 Firefox/37.0','N'),(269,2,'Manejo de Usuarios','Permiso del usuario modificado: 2, permiso: 10','2015-04-09 09:29:49','127.0.0.1','Mozilla/5.0 (Windows NT 6.1; WOW64; rv:37.0) Gecko/20100101 Firefox/37.0','N'),(270,2,'Manejo de Usuarios','Permiso del usuario modificado: 2, permiso: 12','2015-04-09 09:29:49','127.0.0.1','Mozilla/5.0 (Windows NT 6.1; WOW64; rv:37.0) Gecko/20100101 Firefox/37.0','N'),(271,2,'Manejo de Usuarios','Permiso del usuario modificado: 2, permiso: 8','2015-04-09 09:29:50','127.0.0.1','Mozilla/5.0 (Windows NT 6.1; WOW64; rv:37.0) Gecko/20100101 Firefox/37.0','N'),(272,2,'Manejo de Usuarios','Permiso del usuario modificado: 2, permiso: 7','2015-04-09 09:29:50','127.0.0.1','Mozilla/5.0 (Windows NT 6.1; WOW64; rv:37.0) Gecko/20100101 Firefox/37.0','N'),(273,2,'Manejo de Usuarios','Permiso del usuario modificado: 2, permiso: 2','2015-04-09 09:29:50','127.0.0.1','Mozilla/5.0 (Windows NT 6.1; WOW64; rv:37.0) Gecko/20100101 Firefox/37.0','N'),(274,2,'Manejo de Usuarios','Permiso del usuario modificado: 2, permiso: 3','2015-04-09 09:29:50','127.0.0.1','Mozilla/5.0 (Windows NT 6.1; WOW64; rv:37.0) Gecko/20100101 Firefox/37.0','N'),(275,2,'Manejo de Usuarios','Permiso del usuario modificado: 2, permiso: 4','2015-04-09 09:29:50','127.0.0.1','Mozilla/5.0 (Windows NT 6.1; WOW64; rv:37.0) Gecko/20100101 Firefox/37.0','N'),(276,2,'Manejo de permisos','Se ha eliminado el permiso: 12.','2015-04-09 09:30:06','127.0.0.1','Mozilla/5.0 (Windows NT 6.1; WOW64; rv:37.0) Gecko/20100101 Firefox/37.0','N'),(277,2,'Manejo de permisos','Se han eliminado las asignaciones de este permiso a los roles: 12.','2015-04-09 09:30:06','127.0.0.1','Mozilla/5.0 (Windows NT 6.1; WOW64; rv:37.0) Gecko/20100101 Firefox/37.0','N'),(278,2,'Manejo de permisos','Se han eliminado las asignaciones de este permiso a los usuarios: 12.','2015-04-09 09:30:06','127.0.0.1','Mozilla/5.0 (Windows NT 6.1; WOW64; rv:37.0) Gecko/20100101 Firefox/37.0','N'),(279,2,'Manejo de roles','El rol ha sido editado : 1.','2015-04-09 09:34:25','127.0.0.1','Mozilla/5.0 (Windows NT 6.1; WOW64; rv:37.0) Gecko/20100101 Firefox/37.0','N'),(280,2,'Manejo de roles','El rol ha sido editado : 1.','2015-04-09 09:46:34','127.0.0.1','Mozilla/5.0 (Windows NT 6.1; WOW64; rv:37.0) Gecko/20100101 Firefox/37.0','N'),(281,2,'Manejo de roles','El rol ha sido editado : 9.','2015-04-09 09:47:25','127.0.0.1','Mozilla/5.0 (Windows NT 6.1; WOW64; rv:37.0) Gecko/20100101 Firefox/37.0','N'),(282,2,'Manejo de roles','Se ha eliminado el rol: 10.','2015-04-09 09:47:31','127.0.0.1','Mozilla/5.0 (Windows NT 6.1; WOW64; rv:37.0) Gecko/20100101 Firefox/37.0','N'),(283,2,'Manejo de roles','Se han eliminado las asignaciones de este rol a los usuarios: 10.','2015-04-09 09:47:31','127.0.0.1','Mozilla/5.0 (Windows NT 6.1; WOW64; rv:37.0) Gecko/20100101 Firefox/37.0','N'),(284,2,'Manejo de roles','Se han eliminado las asignaciones de este rol a los permisos: 10.','2015-04-09 09:47:31','127.0.0.1','Mozilla/5.0 (Windows NT 6.1; WOW64; rv:37.0) Gecko/20100101 Firefox/37.0','N'),(285,2,'Manejo de roles','Se ha eliminado el rol: 9.','2015-04-09 09:47:55','127.0.0.1','Mozilla/5.0 (Windows NT 6.1; WOW64; rv:37.0) Gecko/20100101 Firefox/37.0','N'),(286,2,'Manejo de roles','Se han eliminado las asignaciones de este rol a los usuarios: 9.','2015-04-09 09:47:55','127.0.0.1','Mozilla/5.0 (Windows NT 6.1; WOW64; rv:37.0) Gecko/20100101 Firefox/37.0','N'),(287,2,'Manejo de roles','Se han eliminado las asignaciones de este rol a los permisos: 9.','2015-04-09 09:47:55','127.0.0.1','Mozilla/5.0 (Windows NT 6.1; WOW64; rv:37.0) Gecko/20100101 Firefox/37.0','N'),(288,2,'Manejo de roles','El rol ha sido editado : 1.','2015-04-09 09:48:01','127.0.0.1','Mozilla/5.0 (Windows NT 6.1; WOW64; rv:37.0) Gecko/20100101 Firefox/37.0','N'),(289,2,'Manejo de roles','El rol ha sido editado : 1.','2015-04-09 09:56:16','127.0.0.1','Mozilla/5.0 (Windows NT 6.1; WOW64; rv:37.0) Gecko/20100101 Firefox/37.0','N'),(290,2,'Manejo de roles','El rol ha sido editado : 1.','2015-04-09 09:58:17','127.0.0.1','Mozilla/5.0 (Windows NT 6.1; WOW64; rv:37.0) Gecko/20100101 Firefox/37.0','N'),(291,2,'Manejo de roles','El rol ha sido editado : 1.','2015-04-09 09:58:30','127.0.0.1','Mozilla/5.0 (Windows NT 6.1; WOW64; rv:37.0) Gecko/20100101 Firefox/37.0','N'),(292,2,'Manejo de roles','El rol ha sido editado : 1.','2015-04-09 10:01:11','127.0.0.1','Mozilla/5.0 (Windows NT 6.1; WOW64; rv:37.0) Gecko/20100101 Firefox/37.0','N'),(293,2,'Manejo de roles','El rol ha sido editado : 1.','2015-04-09 10:01:49','127.0.0.1','Mozilla/5.0 (Windows NT 6.1; WOW64; rv:37.0) Gecko/20100101 Firefox/37.0','N'),(294,2,'Manejo de roles','Se ha eliminado el rol: 8.','2015-04-09 10:02:23','127.0.0.1','Mozilla/5.0 (Windows NT 6.1; WOW64; rv:37.0) Gecko/20100101 Firefox/37.0','N'),(295,2,'Manejo de roles','Se han eliminado las asignaciones de este rol a los usuarios: 8.','2015-04-09 10:02:23','127.0.0.1','Mozilla/5.0 (Windows NT 6.1; WOW64; rv:37.0) Gecko/20100101 Firefox/37.0','N'),(296,2,'Manejo de roles','Se han eliminado las asignaciones de este rol a los permisos: 8.','2015-04-09 10:02:23','127.0.0.1','Mozilla/5.0 (Windows NT 6.1; WOW64; rv:37.0) Gecko/20100101 Firefox/37.0','N'),(297,2,'Manejo de roles','Se ha eliminado el rol: 7.','2015-04-09 10:02:44','127.0.0.1','Mozilla/5.0 (Windows NT 6.1; WOW64; rv:37.0) Gecko/20100101 Firefox/37.0','N'),(298,2,'Manejo de roles','Se han eliminado las asignaciones de este rol a los usuarios: 7.','2015-04-09 10:02:44','127.0.0.1','Mozilla/5.0 (Windows NT 6.1; WOW64; rv:37.0) Gecko/20100101 Firefox/37.0','N'),(299,2,'Manejo de roles','Se han eliminado las asignaciones de este rol a los permisos: 7.','2015-04-09 10:02:44','127.0.0.1','Mozilla/5.0 (Windows NT 6.1; WOW64; rv:37.0) Gecko/20100101 Firefox/37.0','N'),(300,2,'Manejo de roles','El rol ha sido agregado: jhkjh','2015-04-09 10:03:01','127.0.0.1','Mozilla/5.0 (Windows NT 6.1; WOW64; rv:37.0) Gecko/20100101 Firefox/37.0','N'),(301,2,'Manejo de roles','Se ha eliminado el rol: 12.','2015-04-09 10:06:45','127.0.0.1','Mozilla/5.0 (Windows NT 6.1; WOW64; rv:37.0) Gecko/20100101 Firefox/37.0','N'),(302,2,'Manejo de roles','Se han eliminado las asignaciones de este rol a los usuarios: 12.','2015-04-09 10:06:45','127.0.0.1','Mozilla/5.0 (Windows NT 6.1; WOW64; rv:37.0) Gecko/20100101 Firefox/37.0','N'),(303,2,'Manejo de roles','Se han eliminado las asignaciones de este rol a los permisos: 12.','2015-04-09 10:06:45','127.0.0.1','Mozilla/5.0 (Windows NT 6.1; WOW64; rv:37.0) Gecko/20100101 Firefox/37.0','N'),(304,2,'Manejo de roles','El rol ha sido editado : 1.','2015-04-09 10:14:30','127.0.0.1','Mozilla/5.0 (Windows NT 6.1; WOW64; rv:37.0) Gecko/20100101 Firefox/37.0','N'),(305,2,'Manejo de roles','El rol ha sido editado : 1.','2015-04-09 10:15:40','127.0.0.1','Mozilla/5.0 (Windows NT 6.1; WOW64; rv:37.0) Gecko/20100101 Firefox/37.0','N'),(306,2,'Manejo de roles','El rol ha sido editado : 1.','2015-04-09 10:22:04','127.0.0.1','Mozilla/5.0 (Windows NT 6.1; WOW64; rv:37.0) Gecko/20100101 Firefox/37.0','N'),(307,2,'Manejo de roles','El rol ha sido editado : 1.','2015-04-09 10:22:47','127.0.0.1','Mozilla/5.0 (Windows NT 6.1; WOW64; rv:37.0) Gecko/20100101 Firefox/37.0','N'),(308,2,'Manejo de roles','Se ha eliminado el rol: 13.','2015-04-09 10:23:08','127.0.0.1','Mozilla/5.0 (Windows NT 6.1; WOW64; rv:37.0) Gecko/20100101 Firefox/37.0','N'),(309,2,'Manejo de roles','Se han eliminado las asignaciones de este rol a los usuarios: 13.','2015-04-09 10:23:08','127.0.0.1','Mozilla/5.0 (Windows NT 6.1; WOW64; rv:37.0) Gecko/20100101 Firefox/37.0','N'),(310,2,'Manejo de roles','Se han eliminado las asignaciones de este rol a los permisos: 13.','2015-04-09 10:23:08','127.0.0.1','Mozilla/5.0 (Windows NT 6.1; WOW64; rv:37.0) Gecko/20100101 Firefox/37.0','N'),(311,2,'Manejo de roles','Se ha eliminado el rol: 11.','2015-04-09 10:23:14','127.0.0.1','Mozilla/5.0 (Windows NT 6.1; WOW64; rv:37.0) Gecko/20100101 Firefox/37.0','N'),(312,2,'Manejo de roles','Se han eliminado las asignaciones de este rol a los usuarios: 11.','2015-04-09 10:23:14','127.0.0.1','Mozilla/5.0 (Windows NT 6.1; WOW64; rv:37.0) Gecko/20100101 Firefox/37.0','N'),(313,2,'Manejo de roles','Se han eliminado las asignaciones de este rol a los permisos: 11.','2015-04-09 10:23:14','127.0.0.1','Mozilla/5.0 (Windows NT 6.1; WOW64; rv:37.0) Gecko/20100101 Firefox/37.0','N'),(314,2,'Manejo de roles','Se ha eliminado el rol: 14.','2015-04-09 10:23:19','127.0.0.1','Mozilla/5.0 (Windows NT 6.1; WOW64; rv:37.0) Gecko/20100101 Firefox/37.0','N'),(315,2,'Manejo de roles','Se han eliminado las asignaciones de este rol a los usuarios: 14.','2015-04-09 10:23:19','127.0.0.1','Mozilla/5.0 (Windows NT 6.1; WOW64; rv:37.0) Gecko/20100101 Firefox/37.0','N'),(316,2,'Manejo de roles','Se han eliminado las asignaciones de este rol a los permisos: 14.','2015-04-09 10:23:19','127.0.0.1','Mozilla/5.0 (Windows NT 6.1; WOW64; rv:37.0) Gecko/20100101 Firefox/37.0','N'),(317,2,'Manejo de roles','El rol ha sido editado : 1.','2015-04-09 10:24:55','127.0.0.1','Mozilla/5.0 (Windows NT 6.1; WOW64; rv:37.0) Gecko/20100101 Firefox/37.0','N'),(318,2,'Manejo de permisos','El permiso ha sido editado : 4.','2015-04-09 10:25:14','127.0.0.1','Mozilla/5.0 (Windows NT 6.1; WOW64; rv:37.0) Gecko/20100101 Firefox/37.0','N'),(319,2,'Manejo de roles','El rol ha sido editado : 1.','2015-04-09 10:28:50','127.0.0.1','Mozilla/5.0 (Windows NT 6.1; WOW64; rv:37.0) Gecko/20100101 Firefox/37.0','N'),(320,2,'Manejo de permisos','El permiso ha sido editado : 4.','2015-04-09 10:29:12','127.0.0.1','Mozilla/5.0 (Windows NT 6.1; WOW64; rv:37.0) Gecko/20100101 Firefox/37.0','N'),(321,2,'Manejo de permisos','El permiso ha sido editado : 4.','2015-04-09 10:30:42','127.0.0.1','Mozilla/5.0 (Windows NT 6.1; WOW64; rv:37.0) Gecko/20100101 Firefox/37.0','N'),(322,2,'Manejo de Usuarios','Permiso del usuario modificado: 2, permiso: 1','2015-04-09 10:36:21','127.0.0.1','Mozilla/5.0 (Windows NT 6.1; WOW64; rv:37.0) Gecko/20100101 Firefox/37.0','N'),(323,2,'Manejo de Usuarios','Permiso del usuario modificado: 2, permiso: 10','2015-04-09 10:36:21','127.0.0.1','Mozilla/5.0 (Windows NT 6.1; WOW64; rv:37.0) Gecko/20100101 Firefox/37.0','N'),(324,2,'Manejo de Usuarios','Permiso del usuario modificado: 2, permiso: 8','2015-04-09 10:36:21','127.0.0.1','Mozilla/5.0 (Windows NT 6.1; WOW64; rv:37.0) Gecko/20100101 Firefox/37.0','N'),(325,2,'Manejo de Usuarios','Permiso del usuario modificado: 2, permiso: 7','2015-04-09 10:36:21','127.0.0.1','Mozilla/5.0 (Windows NT 6.1; WOW64; rv:37.0) Gecko/20100101 Firefox/37.0','N'),(326,2,'Manejo de Usuarios','Permiso del usuario modificado: 2, permiso: 2','2015-04-09 10:36:21','127.0.0.1','Mozilla/5.0 (Windows NT 6.1; WOW64; rv:37.0) Gecko/20100101 Firefox/37.0','N'),(327,2,'Manejo de Usuarios','Permiso del usuario modificado: 2, permiso: 3','2015-04-09 10:36:21','127.0.0.1','Mozilla/5.0 (Windows NT 6.1; WOW64; rv:37.0) Gecko/20100101 Firefox/37.0','N'),(328,2,'Manejo de Usuarios','Permiso del usuario modificado: 2, permiso: 4','2015-04-09 10:36:21','127.0.0.1','Mozilla/5.0 (Windows NT 6.1; WOW64; rv:37.0) Gecko/20100101 Firefox/37.0','N'),(329,2,'Manejo de permisos','El permiso ha sido editado : 10.','2015-04-09 10:36:49','127.0.0.1','Mozilla/5.0 (Windows NT 6.1; WOW64; rv:37.0) Gecko/20100101 Firefox/37.0','N'),(330,2,'Manejo de permisos','El permiso ha sido editado : 10.','2015-04-09 10:37:52','127.0.0.1','Mozilla/5.0 (Windows NT 6.1; WOW64; rv:37.0) Gecko/20100101 Firefox/37.0','N'),(331,2,'Manejo de Usuarios','Permiso del usuario modificado: 2, permiso: 1','2015-04-09 10:38:02','127.0.0.1','Mozilla/5.0 (Windows NT 6.1; WOW64; rv:37.0) Gecko/20100101 Firefox/37.0','N'),(332,2,'Manejo de Usuarios','Permiso del usuario modificado: 2, permiso: 10','2015-04-09 10:38:02','127.0.0.1','Mozilla/5.0 (Windows NT 6.1; WOW64; rv:37.0) Gecko/20100101 Firefox/37.0','N'),(333,2,'Manejo de Usuarios','Permiso del usuario modificado: 2, permiso: 8','2015-04-09 10:38:02','127.0.0.1','Mozilla/5.0 (Windows NT 6.1; WOW64; rv:37.0) Gecko/20100101 Firefox/37.0','N'),(334,2,'Manejo de Usuarios','Permiso del usuario modificado: 2, permiso: 7','2015-04-09 10:38:02','127.0.0.1','Mozilla/5.0 (Windows NT 6.1; WOW64; rv:37.0) Gecko/20100101 Firefox/37.0','N'),(335,2,'Manejo de Usuarios','Permiso del usuario modificado: 2, permiso: 2','2015-04-09 10:38:02','127.0.0.1','Mozilla/5.0 (Windows NT 6.1; WOW64; rv:37.0) Gecko/20100101 Firefox/37.0','N'),(336,2,'Manejo de Usuarios','Permiso del usuario modificado: 2, permiso: 3','2015-04-09 10:38:02','127.0.0.1','Mozilla/5.0 (Windows NT 6.1; WOW64; rv:37.0) Gecko/20100101 Firefox/37.0','N'),(337,2,'Manejo de Usuarios','Permiso del usuario modificado: 2, permiso: 4','2015-04-09 10:38:02','127.0.0.1','Mozilla/5.0 (Windows NT 6.1; WOW64; rv:37.0) Gecko/20100101 Firefox/37.0','N'),(338,2,'Manejo de Usuarios','Permiso del usuario modificado: 2, permiso: 1','2015-04-09 10:38:19','127.0.0.1','Mozilla/5.0 (Windows NT 6.1; WOW64; rv:37.0) Gecko/20100101 Firefox/37.0','N'),(339,2,'Manejo de Usuarios','Permiso del usuario modificado: 2, permiso: 10','2015-04-09 10:38:19','127.0.0.1','Mozilla/5.0 (Windows NT 6.1; WOW64; rv:37.0) Gecko/20100101 Firefox/37.0','N'),(340,2,'Manejo de Usuarios','Permiso del usuario modificado: 2, permiso: 8','2015-04-09 10:38:19','127.0.0.1','Mozilla/5.0 (Windows NT 6.1; WOW64; rv:37.0) Gecko/20100101 Firefox/37.0','N'),(341,2,'Manejo de Usuarios','Permiso del usuario modificado: 2, permiso: 7','2015-04-09 10:38:19','127.0.0.1','Mozilla/5.0 (Windows NT 6.1; WOW64; rv:37.0) Gecko/20100101 Firefox/37.0','N'),(342,2,'Manejo de Usuarios','Permiso del usuario modificado: 2, permiso: 2','2015-04-09 10:38:19','127.0.0.1','Mozilla/5.0 (Windows NT 6.1; WOW64; rv:37.0) Gecko/20100101 Firefox/37.0','N'),(343,2,'Manejo de Usuarios','Permiso del usuario modificado: 2, permiso: 3','2015-04-09 10:38:19','127.0.0.1','Mozilla/5.0 (Windows NT 6.1; WOW64; rv:37.0) Gecko/20100101 Firefox/37.0','N'),(344,2,'Manejo de Usuarios','Permiso del usuario modificado: 2, permiso: 4','2015-04-09 10:38:19','127.0.0.1','Mozilla/5.0 (Windows NT 6.1; WOW64; rv:37.0) Gecko/20100101 Firefox/37.0','N'),(345,2,'Manejo de roles','El rol ha sido editado : 1.','2015-04-09 10:39:58','127.0.0.1','Mozilla/5.0 (Windows NT 6.1; WOW64; rv:37.0) Gecko/20100101 Firefox/37.0','N'),(346,2,'Manejo de roles','El rol ha sido editado : 1.','2015-04-09 10:44:55','127.0.0.1','Mozilla/5.0 (Windows NT 6.1; WOW64; rv:37.0) Gecko/20100101 Firefox/37.0','N'),(347,2,'Manejo de roles','El rol ha sido editado : 1.','2015-04-09 10:46:44','127.0.0.1','Mozilla/5.0 (Windows NT 6.1; WOW64; rv:37.0) Gecko/20100101 Firefox/37.0','N'),(348,2,'Manejo de Usuarios','Usuario desactivado: 3.','2015-04-09 10:47:13','127.0.0.1','Mozilla/5.0 (Windows NT 6.1; WOW64; rv:37.0) Gecko/20100101 Firefox/37.0','N'),(349,2,'Manejo de Usuarios','Usuario desactivado: 1.','2015-04-09 10:47:21','127.0.0.1','Mozilla/5.0 (Windows NT 6.1; WOW64; rv:37.0) Gecko/20100101 Firefox/37.0','N'),(350,2,'Manejo de Usuarios','Nuevo usuario agregado: publicista.','2015-04-09 10:47:49','127.0.0.1','Mozilla/5.0 (Windows NT 6.1; WOW64; rv:37.0) Gecko/20100101 Firefox/37.0','N'),(351,2,'Acceso','Sesión terminada.','2015-04-09 10:47:54','127.0.0.1','Mozilla/5.0 (Windows NT 6.1; WOW64; rv:37.0) Gecko/20100101 Firefox/37.0','N'),(352,5,'Acceso','Sesión iniciada.','2015-04-09 10:48:01','127.0.0.1','Mozilla/5.0 (Windows NT 6.1; WOW64; rv:37.0) Gecko/20100101 Firefox/37.0','N'),(353,2,'Acceso','Sesión iniciada.','2015-04-09 10:48:26','127.0.0.1','Mozilla/5.0 (Windows NT 6.1; WOW64; rv:37.0) Gecko/20100101 Firefox/37.0','N'),(354,2,'Manejo de Usuarios','Rol del usuario modificado. : 5.','2015-04-09 10:48:39','127.0.0.1','Mozilla/5.0 (Windows NT 6.1; WOW64; rv:37.0) Gecko/20100101 Firefox/37.0','N'),(355,2,'Manejo de Usuarios','Rol del usuario modificado. : 5.','2015-04-09 10:48:39','127.0.0.1','Mozilla/5.0 (Windows NT 6.1; WOW64; rv:37.0) Gecko/20100101 Firefox/37.0','N'),(356,2,'Acceso','Sesión terminada por inactividad.','2015-04-09 11:33:56','127.0.0.1','Mozilla/5.0 (Windows NT 6.1; WOW64; rv:37.0) Gecko/20100101 Firefox/37.0','N'),(357,2,'Acceso','Sesión iniciada.','2015-04-09 11:34:01','127.0.0.1','Mozilla/5.0 (Windows NT 6.1; WOW64; rv:37.0) Gecko/20100101 Firefox/37.0','N'),(358,2,'Manejo de roles','El rol ha sido editado : 4.','2015-04-09 11:34:37','127.0.0.1','Mozilla/5.0 (Windows NT 6.1; WOW64; rv:37.0) Gecko/20100101 Firefox/37.0','N'),(359,2,'Acceso','Sesión terminada por inactividad.','2015-04-09 11:55:43','127.0.0.1','Mozilla/5.0 (Windows NT 6.1; WOW64; rv:37.0) Gecko/20100101 Firefox/37.0','N'),(360,2,'Acceso','Sesión iniciada.','2015-04-09 11:55:52','127.0.0.1','Mozilla/5.0 (Windows NT 6.1; WOW64; rv:37.0) Gecko/20100101 Firefox/37.0','N'),(361,2,'Acceso','Sesión terminada.','2015-04-09 12:20:36','127.0.0.1','Mozilla/5.0 (Windows NT 6.1; WOW64; rv:37.0) Gecko/20100101 Firefox/37.0','N'),(362,2,'Acceso','Sesión iniciada.','2015-04-09 12:20:40','127.0.0.1','Mozilla/5.0 (Windows NT 6.1; WOW64; rv:37.0) Gecko/20100101 Firefox/37.0','N'),(363,2,'Manejo de categorías','La categoría ha sido agregada: Vacaciones 4','2015-04-09 13:04:35','127.0.0.1','Mozilla/5.0 (Windows NT 6.1; WOW64; rv:37.0) Gecko/20100101 Firefox/37.0','N'),(364,2,'Acceso','Sesión terminada por inactividad.','2015-04-09 14:27:52','127.0.0.1','Mozilla/5.0 (Windows NT 6.1; WOW64; rv:37.0) Gecko/20100101 Firefox/37.0','N'),(365,2,'Acceso','Sesión iniciada.','2015-04-09 14:27:57','127.0.0.1','Mozilla/5.0 (Windows NT 6.1; WOW64; rv:37.0) Gecko/20100101 Firefox/37.0','N'),(366,2,'Manejo de categorías','La categoría ha sido agregada: Masajes 5','2015-04-09 14:32:25','127.0.0.1','Mozilla/5.0 (Windows NT 6.1; WOW64; rv:37.0) Gecko/20100101 Firefox/37.0','N'),(367,2,'Manejo de categorías','La categoría ha sido agregada: Comida 6','2015-04-09 14:35:35','127.0.0.1','Mozilla/5.0 (Windows NT 6.1; WOW64; rv:37.0) Gecko/20100101 Firefox/37.0','N'),(368,2,'Manejo de categorías','Categoría editada: 4|Vacaciones2.','2015-04-09 15:13:44','127.0.0.1','Mozilla/5.0 (Windows NT 6.1; WOW64; rv:37.0) Gecko/20100101 Firefox/37.0','N'),(369,2,'Manejo de categorías','Categoría editada: 4|Vacaciones.','2015-04-09 15:14:06','127.0.0.1','Mozilla/5.0 (Windows NT 6.1; WOW64; rv:37.0) Gecko/20100101 Firefox/37.0','N'),(370,2,'Manejo de categorías','Error recuperando: ','2015-04-09 15:33:56','127.0.0.1','Mozilla/5.0 (Windows NT 6.1; WOW64; rv:37.0) Gecko/20100101 Firefox/37.0','N'),(371,2,'Manejo de categorías','Error recuperando: ','2015-04-09 15:35:37','127.0.0.1','Mozilla/5.0 (Windows NT 6.1; WOW64; rv:37.0) Gecko/20100101 Firefox/37.0','N'),(372,2,'Manejo de categorías','Error recuperando: ','2015-04-09 15:36:56','127.0.0.1','Mozilla/5.0 (Windows NT 6.1; WOW64; rv:37.0) Gecko/20100101 Firefox/37.0','N'),(373,2,'Manejo de categorías','Error recuperando: ','2015-04-09 15:37:07','127.0.0.1','Mozilla/5.0 (Windows NT 6.1; WOW64; rv:37.0) Gecko/20100101 Firefox/37.0','N'),(374,2,'Manejo de categorías','Error recuperando: ','2015-04-09 15:37:22','127.0.0.1','Mozilla/5.0 (Windows NT 6.1; WOW64; rv:37.0) Gecko/20100101 Firefox/37.0','N'),(375,2,'Manejo de categorías','Error recuperando: ','2015-04-09 15:37:26','127.0.0.1','Mozilla/5.0 (Windows NT 6.1; WOW64; rv:37.0) Gecko/20100101 Firefox/37.0','N'),(376,2,'Manejo de categorías','Error recuperando: ','2015-04-09 15:37:31','127.0.0.1','Mozilla/5.0 (Windows NT 6.1; WOW64; rv:37.0) Gecko/20100101 Firefox/37.0','N'),(377,2,'Manejo de categorías','Error recuperando: ','2015-04-09 15:37:43','127.0.0.1','Mozilla/5.0 (Windows NT 6.1; WOW64; rv:37.0) Gecko/20100101 Firefox/37.0','N'),(378,2,'Manejo de categorías','Error recuperando: ','2015-04-09 15:38:07','127.0.0.1','Mozilla/5.0 (Windows NT 6.1; WOW64; rv:37.0) Gecko/20100101 Firefox/37.0','N'),(379,2,'Manejo de categorías','Error recuperando: ','2015-04-09 15:38:27','127.0.0.1','Mozilla/5.0 (Windows NT 6.1; WOW64; rv:37.0) Gecko/20100101 Firefox/37.0','N'),(380,2,'Manejo de categorías','Error recuperando: ','2015-04-09 15:39:07','127.0.0.1','Mozilla/5.0 (Windows NT 6.1; WOW64; rv:37.0) Gecko/20100101 Firefox/37.0','N'),(381,2,'Manejo de categorías','Error recuperando: ','2015-04-09 15:40:38','127.0.0.1','Mozilla/5.0 (Windows NT 6.1; WOW64; rv:37.0) Gecko/20100101 Firefox/37.0','N'),(382,2,'Manejo de categorías','Error recuperando: ','2015-04-09 15:40:51','127.0.0.1','Mozilla/5.0 (Windows NT 6.1; WOW64; rv:37.0) Gecko/20100101 Firefox/37.0','N'),(383,2,'Manejo de categorías','Error recuperando: ','2015-04-09 15:42:11','127.0.0.1','Mozilla/5.0 (Windows NT 6.1; WOW64; rv:37.0) Gecko/20100101 Firefox/37.0','N'),(384,2,'Manejo de categorías','Error recuperando: ','2015-04-09 15:42:55','127.0.0.1','Mozilla/5.0 (Windows NT 6.1; WOW64; rv:37.0) Gecko/20100101 Firefox/37.0','N'),(385,2,'Manejo de categorías','Error recuperando: ','2015-04-09 15:44:20','127.0.0.1','Mozilla/5.0 (Windows NT 6.1; WOW64; rv:37.0) Gecko/20100101 Firefox/37.0','N'),(386,2,'Manejo de categorías','Categoría desactivada: 4.','2015-04-09 15:56:29','127.0.0.1','Mozilla/5.0 (Windows NT 6.1; WOW64; rv:37.0) Gecko/20100101 Firefox/37.0','N'),(387,2,'Manejo de categorías','Categoría desactivada: 4.','2015-04-09 16:00:20','127.0.0.1','Mozilla/5.0 (Windows NT 6.1; WOW64; rv:37.0) Gecko/20100101 Firefox/37.0','N'),(388,2,'Manejo de categorías','Categoría desactivada: 4.','2015-04-09 16:00:40','127.0.0.1','Mozilla/5.0 (Windows NT 6.1; WOW64; rv:37.0) Gecko/20100101 Firefox/37.0','N'),(389,2,'Manejo de categorías','Categoría activada: 4.','2015-04-09 16:00:46','127.0.0.1','Mozilla/5.0 (Windows NT 6.1; WOW64; rv:37.0) Gecko/20100101 Firefox/37.0','N'),(390,2,'Manejo de categorías','Categoría desactivada: 5.','2015-04-09 16:03:51','127.0.0.1','Mozilla/5.0 (Windows NT 6.1; WOW64; rv:37.0) Gecko/20100101 Firefox/37.0','N'),(391,2,'Manejo de categorías','1054: Unknown column \'fecha\' in \'field list\'','2015-04-09 16:10:25','127.0.0.1','Mozilla/5.0 (Windows NT 6.1; WOW64; rv:37.0) Gecko/20100101 Firefox/37.0','Y'),(392,2,'Manejo de categorías','Categoría activada: 5.','2015-04-09 16:11:01','127.0.0.1','Mozilla/5.0 (Windows NT 6.1; WOW64; rv:37.0) Gecko/20100101 Firefox/37.0','N'),(393,2,'Acceso','Sesión terminada por inactividad.','2015-04-10 06:13:02','127.0.0.1','Mozilla/5.0 (Windows NT 6.1; WOW64; rv:37.0) Gecko/20100101 Firefox/37.0','N'),(394,2,'Acceso','Sesión iniciada.','2015-04-10 06:13:07','127.0.0.1','Mozilla/5.0 (Windows NT 6.1; WOW64; rv:37.0) Gecko/20100101 Firefox/37.0','N'),(395,2,'Acceso','Sesión terminada por inactividad.','2015-04-10 06:33:13','127.0.0.1','Mozilla/5.0 (Windows NT 6.1; WOW64; rv:37.0) Gecko/20100101 Firefox/37.0','N'),(396,2,'Acceso','Sesión iniciada.','2015-04-10 06:33:17','127.0.0.1','Mozilla/5.0 (Windows NT 6.1; WOW64; rv:37.0) Gecko/20100101 Firefox/37.0','N'),(397,2,'Acceso','Sesión terminada por inactividad.','2015-04-10 07:45:55','127.0.0.1','Mozilla/5.0 (Windows NT 6.1; WOW64; rv:37.0) Gecko/20100101 Firefox/37.0','N'),(398,2,'Acceso','Sesión iniciada.','2015-04-10 07:46:00','127.0.0.1','Mozilla/5.0 (Windows NT 6.1; WOW64; rv:37.0) Gecko/20100101 Firefox/37.0','N'),(399,2,'Manejo de roles','El rol ha sido editado : 1.','2015-04-10 07:46:07','127.0.0.1','Mozilla/5.0 (Windows NT 6.1; WOW64; rv:37.0) Gecko/20100101 Firefox/37.0','N'),(400,2,'Manejo de categorías','Categoría desactivada: 5.','2015-04-10 07:52:42','127.0.0.1','Mozilla/5.0 (Windows NT 6.1; WOW64; rv:37.0) Gecko/20100101 Firefox/37.0','N'),(401,2,'Manejo de categorías','Categoría activada: 5.','2015-04-10 07:52:47','127.0.0.1','Mozilla/5.0 (Windows NT 6.1; WOW64; rv:37.0) Gecko/20100101 Firefox/37.0','N'),(402,2,'Acceso','Sesión terminada por inactividad.','2015-04-10 08:17:46','127.0.0.1','Mozilla/5.0 (Windows NT 6.1; WOW64; rv:37.0) Gecko/20100101 Firefox/37.0','N'),(403,2,'Acceso','Sesión iniciada.','2015-04-10 08:26:46','127.0.0.1','Mozilla/5.0 (Windows NT 6.1; WOW64; rv:37.0) Gecko/20100101 Firefox/37.0','N'),(404,2,'Acceso','Sesión terminada por inactividad.','2015-04-10 09:30:49','127.0.0.1','Mozilla/5.0 (Windows NT 6.1; WOW64; rv:37.0) Gecko/20100101 Firefox/37.0','N'),(405,2,'Acceso','Sesión iniciada.','2015-04-10 09:30:54','127.0.0.1','Mozilla/5.0 (Windows NT 6.1; WOW64; rv:37.0) Gecko/20100101 Firefox/37.0','N'),(406,2,'Manejo de categorías','La categoría ha sido agregada: Chicles 7','2015-04-10 09:37:49','127.0.0.1','Mozilla/5.0 (Windows NT 6.1; WOW64; rv:37.0) Gecko/20100101 Firefox/37.0','N'),(407,2,'Manejo de empresas','La empresa ha sido agregada: Chicleros, S.A. 1','2015-04-10 10:23:06','127.0.0.1','Mozilla/5.0 (Windows NT 6.1; WOW64; rv:37.0) Gecko/20100101 Firefox/37.0','N'),(408,2,'Manejo de empresas','Empresa editada: 1|Chicleros, S.A..','2015-04-10 11:05:01','127.0.0.1','Mozilla/5.0 (Windows NT 6.1; WOW64; rv:37.0) Gecko/20100101 Firefox/37.0','N'),(409,2,'Manejo de empresas','Empresa editada: 1|Chicleros, S.A..','2015-04-10 11:16:24','127.0.0.1','Mozilla/5.0 (Windows NT 6.1; WOW64; rv:37.0) Gecko/20100101 Firefox/37.0','N'),(410,2,'Manejo de empresas','Empresa editada: 1|Chicleros, S.A..','2015-04-10 11:16:38','127.0.0.1','Mozilla/5.0 (Windows NT 6.1; WOW64; rv:37.0) Gecko/20100101 Firefox/37.0','N'),(411,2,'Manejo de empresas','Empresa editada: 1|Chicleros, S.A..','2015-04-10 11:29:28','127.0.0.1','Mozilla/5.0 (Windows NT 6.1; WOW64; rv:37.0) Gecko/20100101 Firefox/37.0','N'),(412,2,'Manejo de roles','El rol ha sido editado : 1.','2015-04-10 11:46:21','127.0.0.1','Mozilla/5.0 (Windows NT 6.1; WOW64; rv:37.0) Gecko/20100101 Firefox/37.0','N'),(413,2,'Manejo de roles','El rol ha sido editado : 1.','2015-04-10 11:46:38','127.0.0.1','Mozilla/5.0 (Windows NT 6.1; WOW64; rv:37.0) Gecko/20100101 Firefox/37.0','N'),(414,2,'Manejo de roles','El rol ha sido editado : 1.','2015-04-10 11:46:56','127.0.0.1','Mozilla/5.0 (Windows NT 6.1; WOW64; rv:37.0) Gecko/20100101 Firefox/37.0','N'),(415,2,'Manejo de roles','El rol ha sido editado : 1.','2015-04-10 11:50:05','127.0.0.1','Mozilla/5.0 (Windows NT 6.1; WOW64; rv:37.0) Gecko/20100101 Firefox/37.0','N'),(416,2,'Manejo de roles','El rol ha sido editado : 1.','2015-04-10 11:50:14','127.0.0.1','Mozilla/5.0 (Windows NT 6.1; WOW64; rv:37.0) Gecko/20100101 Firefox/37.0','N'),(417,2,'Manejo de roles','El rol ha sido editado : 1.','2015-04-10 11:57:49','127.0.0.1','Mozilla/5.0 (Windows NT 6.1; WOW64; rv:37.0) Gecko/20100101 Firefox/37.0','N'),(418,2,'Manejo de roles','El rol ha sido editado : 1.','2015-04-10 11:58:06','127.0.0.1','Mozilla/5.0 (Windows NT 6.1; WOW64; rv:37.0) Gecko/20100101 Firefox/37.0','N'),(419,2,'Manejo de roles','El rol ha sido editado : 1.','2015-04-10 11:58:55','127.0.0.1','Mozilla/5.0 (Windows NT 6.1; WOW64; rv:37.0) Gecko/20100101 Firefox/37.0','N'),(420,2,'Manejo de empresas','Empresa activada: 1.','2015-04-10 11:59:25','127.0.0.1','Mozilla/5.0 (Windows NT 6.1; WOW64; rv:37.0) Gecko/20100101 Firefox/37.0','N'),(421,2,'Manejo de empresas','Empresa desactivada: 1.','2015-04-10 11:59:40','127.0.0.1','Mozilla/5.0 (Windows NT 6.1; WOW64; rv:37.0) Gecko/20100101 Firefox/37.0','N'),(422,2,'Acceso','Sesión terminada por inactividad.','2015-04-10 14:26:50','127.0.0.1','Mozilla/5.0 (Windows NT 6.1; WOW64; rv:37.0) Gecko/20100101 Firefox/37.0','N'),(423,2,'Acceso','Sesión iniciada.','2015-04-10 14:26:55','127.0.0.1','Mozilla/5.0 (Windows NT 6.1; WOW64; rv:37.0) Gecko/20100101 Firefox/37.0','N'),(424,2,'Manejo de empresas','Método de pago modificado para la empresa: 1Método: 2','2015-04-10 14:36:36','127.0.0.1','Mozilla/5.0 (Windows NT 6.1; WOW64; rv:37.0) Gecko/20100101 Firefox/37.0','N'),(425,2,'Manejo de empresas','Método de pago modificado para la empresa: 1Método: 1','2015-04-10 14:36:36','127.0.0.1','Mozilla/5.0 (Windows NT 6.1; WOW64; rv:37.0) Gecko/20100101 Firefox/37.0','N'),(426,2,'Manejo de empresas','Método de pago modificado para la empresa: 1 Método: 2','2015-04-10 14:37:14','127.0.0.1','Mozilla/5.0 (Windows NT 6.1; WOW64; rv:37.0) Gecko/20100101 Firefox/37.0','N'),(427,2,'Manejo de empresas','Método de pago modificado para la empresa: 1 Método: 2','2015-04-10 14:37:30','127.0.0.1','Mozilla/5.0 (Windows NT 6.1; WOW64; rv:37.0) Gecko/20100101 Firefox/37.0','N'),(428,2,'Manejo de empresas','Método de pago modificado para la empresa: 1 Método: 1','2015-04-10 14:37:49','127.0.0.1','Mozilla/5.0 (Windows NT 6.1; WOW64; rv:37.0) Gecko/20100101 Firefox/37.0','N'),(429,2,'Manejo de empresas','Método de pago modificado para la empresa: 1 Método: 1','2015-04-10 14:40:41','127.0.0.1','Mozilla/5.0 (Windows NT 6.1; WOW64; rv:37.0) Gecko/20100101 Firefox/37.0','N'),(430,2,'Manejo de empresas','Método de pago modificado para la empresa: 1 Método: 1','2015-04-10 14:42:14','127.0.0.1','Mozilla/5.0 (Windows NT 6.1; WOW64; rv:37.0) Gecko/20100101 Firefox/37.0','N'),(431,2,'Manejo de empresas','Método de pago modificado para la empresa: 1 Método: 1','2015-04-10 14:42:24','127.0.0.1','Mozilla/5.0 (Windows NT 6.1; WOW64; rv:37.0) Gecko/20100101 Firefox/37.0','N'),(432,2,'Manejo de empresas','Método de pago modificado para la empresa: 1 Método: 1','2015-04-10 14:42:25','127.0.0.1','Mozilla/5.0 (Windows NT 6.1; WOW64; rv:37.0) Gecko/20100101 Firefox/37.0','N'),(433,2,'Manejo de empresas','Método de pago modificado para la empresa: 1 Método: 1','2015-04-10 14:43:43','127.0.0.1','Mozilla/5.0 (Windows NT 6.1; WOW64; rv:37.0) Gecko/20100101 Firefox/37.0','N'),(434,2,'Manejo de empresas','Método de pago modificado para la empresa: 1 Método: 2','2015-04-10 14:46:02','127.0.0.1','Mozilla/5.0 (Windows NT 6.1; WOW64; rv:37.0) Gecko/20100101 Firefox/37.0','N'),(435,2,'Manejo de empresas','Empresa editada: 1|Chicleros, S.A..','2015-04-10 14:46:02','127.0.0.1','Mozilla/5.0 (Windows NT 6.1; WOW64; rv:37.0) Gecko/20100101 Firefox/37.0','N'),(436,2,'Manejo de empresas','Método de pago modificado para la empresa: 1 Método: 1','2015-04-10 14:52:40','127.0.0.1','Mozilla/5.0 (Windows NT 6.1; WOW64; rv:37.0) Gecko/20100101 Firefox/37.0','N'),(437,2,'Manejo de empresas','Empresa editada: 1|Chicleros, S.A..','2015-04-10 14:52:40','127.0.0.1','Mozilla/5.0 (Windows NT 6.1; WOW64; rv:37.0) Gecko/20100101 Firefox/37.0','N'),(438,2,'Manejo de empresas','Método de pago modificado para la empresa: 1 Método: 2','2015-04-10 15:11:58','127.0.0.1','Mozilla/5.0 (Windows NT 6.1; WOW64; rv:37.0) Gecko/20100101 Firefox/37.0','N'),(439,2,'Manejo de empresas','Método de pago modificado para la empresa: 1 Método: 1','2015-04-10 15:11:58','127.0.0.1','Mozilla/5.0 (Windows NT 6.1; WOW64; rv:37.0) Gecko/20100101 Firefox/37.0','N'),(440,2,'Manejo de empresas','Empresa editada: 1|Chicleros, S.A..','2015-04-10 15:11:58','127.0.0.1','Mozilla/5.0 (Windows NT 6.1; WOW64; rv:37.0) Gecko/20100101 Firefox/37.0','N'),(441,2,'Manejo de empresas','Método de pago modificado para la empresa: 1 Método: 1','2015-04-10 15:12:23','127.0.0.1','Mozilla/5.0 (Windows NT 6.1; WOW64; rv:37.0) Gecko/20100101 Firefox/37.0','N'),(442,2,'Manejo de empresas','Empresa editada: 1|Chicleros, S.A..','2015-04-10 15:12:23','127.0.0.1','Mozilla/5.0 (Windows NT 6.1; WOW64; rv:37.0) Gecko/20100101 Firefox/37.0','N'),(443,2,'Manejo de empresas','Método de pago modificado para la empresa: 1 Método: 2','2015-04-10 15:17:56','127.0.0.1','Mozilla/5.0 (Windows NT 6.1; WOW64; rv:37.0) Gecko/20100101 Firefox/37.0','N'),(444,2,'Manejo de empresas','Método de pago modificado para la empresa: 1 Método: 1','2015-04-10 15:17:56','127.0.0.1','Mozilla/5.0 (Windows NT 6.1; WOW64; rv:37.0) Gecko/20100101 Firefox/37.0','N'),(445,2,'Manejo de empresas','Empresa editada: 1|Chicleros, S.A..','2015-04-10 15:17:56','127.0.0.1','Mozilla/5.0 (Windows NT 6.1; WOW64; rv:37.0) Gecko/20100101 Firefox/37.0','N'),(446,2,'Manejo de empresas','Método de pago modificado para la empresa: 1 Método: 1','2015-04-10 15:24:14','127.0.0.1','Mozilla/5.0 (Windows NT 6.1; WOW64; rv:37.0) Gecko/20100101 Firefox/37.0','N'),(447,2,'Manejo de empresas','Empresa editada: 1|Chicleros, S.A..','2015-04-10 15:24:14','127.0.0.1','Mozilla/5.0 (Windows NT 6.1; WOW64; rv:37.0) Gecko/20100101 Firefox/37.0','N'),(448,2,'Manejo de empresas','Método de pago modificado para la empresa: 1 Método: 2','2015-04-10 15:24:47','127.0.0.1','Mozilla/5.0 (Windows NT 6.1; WOW64; rv:37.0) Gecko/20100101 Firefox/37.0','N'),(449,2,'Manejo de empresas','Empresa editada: 1|Chicleros, S.A..','2015-04-10 15:24:47','127.0.0.1','Mozilla/5.0 (Windows NT 6.1; WOW64; rv:37.0) Gecko/20100101 Firefox/37.0','N'),(450,2,'Manejo de empresas','Método de pago modificado para la empresa: 1 Método: 2','2015-04-10 15:27:53','127.0.0.1','Mozilla/5.0 (Windows NT 6.1; WOW64; rv:37.0) Gecko/20100101 Firefox/37.0','N'),(451,2,'Manejo de empresas','Método de pago modificado para la empresa: 1 Método: 1','2015-04-10 15:27:53','127.0.0.1','Mozilla/5.0 (Windows NT 6.1; WOW64; rv:37.0) Gecko/20100101 Firefox/37.0','N'),(452,2,'Manejo de empresas','Empresa editada: 1|Chicleros, S.A..','2015-04-10 15:27:53','127.0.0.1','Mozilla/5.0 (Windows NT 6.1; WOW64; rv:37.0) Gecko/20100101 Firefox/37.0','N'),(453,2,'Manejo de empresas','Método de pago modificado para la empresa: 1 Método: 1','2015-04-10 15:28:04','127.0.0.1','Mozilla/5.0 (Windows NT 6.1; WOW64; rv:37.0) Gecko/20100101 Firefox/37.0','N'),(454,2,'Manejo de empresas','Empresa editada: 1|Chicleros, S.A..','2015-04-10 15:28:04','127.0.0.1','Mozilla/5.0 (Windows NT 6.1; WOW64; rv:37.0) Gecko/20100101 Firefox/37.0','N'),(455,5,'Acceso','Sesión iniciada.','2015-04-10 15:30:38','127.0.0.1','Mozilla/5.0 (Windows NT 6.1; WOW64) AppleWebKit/537.36 (KHTML, like Gecko) Chrome/41.0.2272.118 Safari/537.36 OPR/28.0.1750.51','N'),(456,2,'Manejo de empresas','La empresa ha sido agregada: hkjhkjhkj 2','2015-04-10 15:38:27','127.0.0.1','Mozilla/5.0 (Windows NT 6.1; WOW64; rv:37.0) Gecko/20100101 Firefox/37.0','N'),(457,2,'Manejo de empresas','1452: Cannot add or update a child row: a foreign key constraint fails (`ofertasgt`.`metodo_empresa`, CONSTRAINT `fk_empresa_id` FOREIGN KEY (`empresa_id`) REFERENCES `empresa` (`empresa_id`) ON DELETE CASCADE ON UPDATE CASCADE)','2015-04-10 15:38:27','127.0.0.1','Mozilla/5.0 (Windows NT 6.1; WOW64; rv:37.0) Gecko/20100101 Firefox/37.0','Y'),(458,2,'Manejo de empresas','Método de pago modificado para la empresa: 2 Método: 2','2015-04-10 15:42:35','127.0.0.1','Mozilla/5.0 (Windows NT 6.1; WOW64; rv:37.0) Gecko/20100101 Firefox/37.0','N'),(459,2,'Manejo de empresas','Empresa editada: 2|hkjhkjhkj.','2015-04-10 15:42:35','127.0.0.1','Mozilla/5.0 (Windows NT 6.1; WOW64; rv:37.0) Gecko/20100101 Firefox/37.0','N'),(460,2,'Manejo de empresas','La empresa ha sido agregada: kkkkkkk 3','2015-04-10 15:43:02','127.0.0.1','Mozilla/5.0 (Windows NT 6.1; WOW64; rv:37.0) Gecko/20100101 Firefox/37.0','N'),(461,2,'Manejo de empresas','Método de pago modificado para la empresa: 3 Método: 2','2015-04-10 15:43:02','127.0.0.1','Mozilla/5.0 (Windows NT 6.1; WOW64; rv:37.0) Gecko/20100101 Firefox/37.0','N'),(462,2,'Manejo de empresas','Método de pago modificado para la empresa: 3 Método: 1','2015-04-10 15:43:02','127.0.0.1','Mozilla/5.0 (Windows NT 6.1; WOW64; rv:37.0) Gecko/20100101 Firefox/37.0','N'),(463,2,'Manejo de roles','El rol ha sido editado : 1.','2015-04-10 15:44:56','127.0.0.1','Mozilla/5.0 (Windows NT 6.1; WOW64; rv:37.0) Gecko/20100101 Firefox/37.0','N'),(464,2,'Acceso','Sesión terminada.','2015-04-10 15:55:45','127.0.0.1','Mozilla/5.0 (Windows NT 6.1; WOW64; rv:37.0) Gecko/20100101 Firefox/37.0','N'),(465,2,'Acceso','Sesión iniciada.','2015-04-10 15:55:49','127.0.0.1','Mozilla/5.0 (Windows NT 6.1; WOW64; rv:37.0) Gecko/20100101 Firefox/37.0','N'),(466,2,'Acceso','Sesión terminada por inactividad.','2015-04-10 16:15:24','127.0.0.1','Mozilla/5.0 (Windows NT 6.1; WOW64; rv:37.0) Gecko/20100101 Firefox/37.0','N'),(467,2,'Acceso','Sesión iniciada.','2015-04-10 16:15:29','127.0.0.1','Mozilla/5.0 (Windows NT 6.1; WOW64; rv:37.0) Gecko/20100101 Firefox/37.0','N'),(468,2,'Acceso','Sesión terminada por inactividad.','2015-04-13 06:24:14','127.0.0.1','Mozilla/5.0 (Windows NT 6.1; WOW64; rv:37.0) Gecko/20100101 Firefox/37.0','N'),(469,2,'Acceso','Sesión iniciada.','2015-04-13 12:07:30','127.0.0.1','Mozilla/5.0 (Windows NT 6.1; WOW64; rv:37.0) Gecko/20100101 Firefox/37.0','N'),(470,2,'Manejo de permisos','El permiso ha sido agregado: Modificar Métodos de Pago modificar_metodos_de_pago','2015-04-13 12:07:48','127.0.0.1','Mozilla/5.0 (Windows NT 6.1; WOW64; rv:37.0) Gecko/20100101 Firefox/37.0','N'),(471,2,'Manejo de roles','El rol ha sido editado : 1.','2015-04-13 12:09:21','127.0.0.1','Mozilla/5.0 (Windows NT 6.1; WOW64; rv:37.0) Gecko/20100101 Firefox/37.0','N'),(472,2,'Acceso','Sesión terminada por inactividad.','2015-04-13 13:24:08','127.0.0.1','Mozilla/5.0 (Windows NT 6.1; WOW64; rv:37.0) Gecko/20100101 Firefox/37.0','N'),(473,2,'Acceso','Sesión iniciada.','2015-04-13 13:24:14','127.0.0.1','Mozilla/5.0 (Windows NT 6.1; WOW64; rv:37.0) Gecko/20100101 Firefox/37.0','N'),(474,2,'Manejo de Métodos de Pago','El método ha sido agregado: asdf 3','2015-04-13 14:58:17','127.0.0.1','Mozilla/5.0 (Windows NT 6.1; WOW64; rv:37.0) Gecko/20100101 Firefox/37.0','N'),(475,2,'Manejo de Métodos de Pago','1136: Column count doesn\'t match value count at row 1','2015-04-13 14:59:30','127.0.0.1','Mozilla/5.0 (Windows NT 6.1; WOW64; rv:37.0) Gecko/20100101 Firefox/37.0','Y'),(476,2,'Manejo de Métodos de Pago','El método ha sido agregado: asdf 4','2015-04-13 15:04:08','127.0.0.1','Mozilla/5.0 (Windows NT 6.1; WOW64; rv:37.0) Gecko/20100101 Firefox/37.0','N'),(477,2,'Manejo de Métodos de Pago','1054: Unknown column \'modificado\' in \'field list\'','2015-04-13 15:09:39','127.0.0.1','Mozilla/5.0 (Windows NT 6.1; WOW64; rv:37.0) Gecko/20100101 Firefox/37.0','Y'),(478,2,'Manejo de Métodos de Pago','Método desactivado: 4.','2015-04-13 15:10:46','127.0.0.1','Mozilla/5.0 (Windows NT 6.1; WOW64; rv:37.0) Gecko/20100101 Firefox/37.0','N'),(479,2,'Manejo de Métodos de Pago','Método activado: 4.','2015-04-13 15:10:55','127.0.0.1','Mozilla/5.0 (Windows NT 6.1; WOW64; rv:37.0) Gecko/20100101 Firefox/37.0','N'),(480,2,'Manejo de Métodos de Pago','Método desactivado: 2.','2015-04-13 15:11:02','127.0.0.1','Mozilla/5.0 (Windows NT 6.1; WOW64; rv:37.0) Gecko/20100101 Firefox/37.0','N'),(481,2,'Manejo de Métodos de Pago','Error recuperando: ','2015-04-13 15:15:36','127.0.0.1','Mozilla/5.0 (Windows NT 6.1; WOW64; rv:37.0) Gecko/20100101 Firefox/37.0','N'),(482,2,'Manejo de Métodos de Pago','Error recuperando: Error en la base de datos. 0: ','2015-04-13 15:16:26','127.0.0.1','Mozilla/5.0 (Windows NT 6.1; WOW64; rv:37.0) Gecko/20100101 Firefox/37.0','N'),(483,2,'Manejo de Métodos de Pago','Error recuperando: Error en la base de datos. 0: ','2015-04-13 15:16:33','127.0.0.1','Mozilla/5.0 (Windows NT 6.1; WOW64; rv:37.0) Gecko/20100101 Firefox/37.0','N'),(484,2,'Manejo de Métodos de Pago','Error recuperando: Error en la base de datos. 0: ','2015-04-13 15:17:32','127.0.0.1','Mozilla/5.0 (Windows NT 6.1; WOW64; rv:37.0) Gecko/20100101 Firefox/37.0','N'),(485,2,'Manejo de Métodos de Pago','Método editado: 4|jkl.','2015-04-13 15:47:11','127.0.0.1','Mozilla/5.0 (Windows NT 6.1; WOW64; rv:37.0) Gecko/20100101 Firefox/37.0','N'),(486,2,'Manejo de Métodos de Pago','Método editado: 4|jkl.','2015-04-13 15:59:13','127.0.0.1','Mozilla/5.0 (Windows NT 6.1; WOW64; rv:37.0) Gecko/20100101 Firefox/37.0','N'),(487,2,'Manejo de Métodos de Pago','Método editado: 4|jkl.','2015-04-13 15:59:44','127.0.0.1','Mozilla/5.0 (Windows NT 6.1; WOW64; rv:37.0) Gecko/20100101 Firefox/37.0','N'),(488,2,'Acceso','Sesión terminada.','2015-04-13 16:16:33','127.0.0.1','Mozilla/5.0 (Windows NT 6.1; WOW64; rv:37.0) Gecko/20100101 Firefox/37.0','N'),(489,5,'Acceso','Sesión iniciada.','2015-04-13 16:16:38','127.0.0.1','Mozilla/5.0 (Windows NT 6.1; WOW64; rv:37.0) Gecko/20100101 Firefox/37.0','N'),(490,5,'Acceso','Sesión terminada por inactividad.','2015-04-14 06:12:46','127.0.0.1','Mozilla/5.0 (Windows NT 6.1; WOW64; rv:37.0) Gecko/20100101 Firefox/37.0','N'),(491,2,'Acceso','Sesión iniciada.','2015-04-14 07:34:12','127.0.0.1','Mozilla/5.0 (Windows NT 6.1; WOW64; rv:37.0) Gecko/20100101 Firefox/37.0','N'),(492,2,'Manejo de permisos','El permiso ha sido agregado: Modificar Ofertas modificar_ofertas','2015-04-14 07:35:20','127.0.0.1','Mozilla/5.0 (Windows NT 6.1; WOW64; rv:37.0) Gecko/20100101 Firefox/37.0','N'),(493,2,'Manejo de roles','El rol ha sido editado : 4.','2015-04-14 07:35:52','127.0.0.1','Mozilla/5.0 (Windows NT 6.1; WOW64; rv:37.0) Gecko/20100101 Firefox/37.0','N'),(494,2,'Manejo de Métodos de Pago','Error recuperando: Error en la base de datos. 0: ','2015-04-14 08:03:46','127.0.0.1','Mozilla/5.0 (Windows NT 6.1; WOW64; rv:37.0) Gecko/20100101 Firefox/37.0','N'),(495,2,'Manejo de Métodos de Pago','Error recuperando: Error en la base de datos. 0: ','2015-04-14 08:13:28','127.0.0.1','Mozilla/5.0 (Windows NT 6.1; WOW64; rv:37.0) Gecko/20100101 Firefox/37.0','N'),(496,2,'Manejo de Métodos de Pago','Error recuperando: Error en la base de datos. 0: ','2015-04-14 08:14:19','127.0.0.1','Mozilla/5.0 (Windows NT 6.1; WOW64; rv:37.0) Gecko/20100101 Firefox/37.0','N'),(497,2,'Manejo de Métodos de Pago','Error recuperando: Error en la base de datos. 0: ','2015-04-14 08:14:35','127.0.0.1','Mozilla/5.0 (Windows NT 6.1; WOW64; rv:37.0) Gecko/20100101 Firefox/37.0','N'),(498,2,'Manejo de Métodos de Pago','Error recuperando: Error en la base de datos. 0: ','2015-04-14 08:15:35','127.0.0.1','Mozilla/5.0 (Windows NT 6.1; WOW64; rv:37.0) Gecko/20100101 Firefox/37.0','N'),(499,2,'Manejo de Métodos de Pago','Error recuperando: Error en la base de datos. 0: ','2015-04-14 08:54:50','127.0.0.1','Mozilla/5.0 (Windows NT 6.1; WOW64; rv:37.0) Gecko/20100101 Firefox/37.0','N'),(500,2,'Manejo de Métodos de Pago','Error recuperando: Error en la base de datos. 0: ','2015-04-14 08:55:55','127.0.0.1','Mozilla/5.0 (Windows NT 6.1; WOW64; rv:37.0) Gecko/20100101 Firefox/37.0','N'),(501,2,'Manejo de Métodos de Pago','Error recuperando: Error en la base de datos. 0: ','2015-04-14 08:57:24','127.0.0.1','Mozilla/5.0 (Windows NT 6.1; WOW64; rv:37.0) Gecko/20100101 Firefox/37.0','N'),(502,2,'Manejo de Métodos de Pago','Error recuperando: Error en la base de datos. 0: ','2015-04-14 08:58:19','127.0.0.1','Mozilla/5.0 (Windows NT 6.1; WOW64; rv:37.0) Gecko/20100101 Firefox/37.0','N'),(503,2,'Manejo de Métodos de Pago','El método ha sido agregado: koala 5','2015-04-14 08:58:19','127.0.0.1','Mozilla/5.0 (Windows NT 6.1; WOW64; rv:37.0) Gecko/20100101 Firefox/37.0','N'),(504,2,'Manejo de Métodos de Pago','Método editado: 5|koala.','2015-04-14 08:58:44','127.0.0.1','Mozilla/5.0 (Windows NT 6.1; WOW64; rv:37.0) Gecko/20100101 Firefox/37.0','N'),(505,2,'Manejo de Métodos de Pago','Método editado: 5|koalas.','2015-04-14 08:59:09','127.0.0.1','Mozilla/5.0 (Windows NT 6.1; WOW64; rv:37.0) Gecko/20100101 Firefox/37.0','N'),(506,2,'Manejo de Métodos de Pago','Método editado: 5|koala.','2015-04-14 08:59:28','127.0.0.1','Mozilla/5.0 (Windows NT 6.1; WOW64; rv:37.0) Gecko/20100101 Firefox/37.0','N'),(507,2,'Manejo de Métodos de Pago','Método editado: 5|koala.','2015-04-14 09:06:11','127.0.0.1','Mozilla/5.0 (Windows NT 6.1; WOW64; rv:37.0) Gecko/20100101 Firefox/37.0','N'),(508,2,'Manejo de Métodos de Pago','Método editado: 5|koala.','2015-04-14 09:08:45','127.0.0.1','Mozilla/5.0 (Windows NT 6.1; WOW64; rv:37.0) Gecko/20100101 Firefox/37.0','N'),(509,2,'Manejo de Métodos de Pago','Método editado: 5|koala.','2015-04-14 09:13:06','127.0.0.1','Mozilla/5.0 (Windows NT 6.1; WOW64; rv:37.0) Gecko/20100101 Firefox/37.0','N'),(510,2,'Manejo de Métodos de Pago','Método editado: 4|jkl.','2015-04-14 09:15:17','127.0.0.1','Mozilla/5.0 (Windows NT 6.1; WOW64; rv:37.0) Gecko/20100101 Firefox/37.0','N'),(511,2,'Manejo de Métodos de Pago','Método editado: 2|Tarjeta de crÃ©dito MasterCard.','2015-04-14 09:15:43','127.0.0.1','Mozilla/5.0 (Windows NT 6.1; WOW64; rv:37.0) Gecko/20100101 Firefox/37.0','N'),(512,2,'Manejo de Métodos de Pago','Método editado: 2|Tarjeta de crÃ©dito MasterCard.','2015-04-14 09:16:16','127.0.0.1','Mozilla/5.0 (Windows NT 6.1; WOW64; rv:37.0) Gecko/20100101 Firefox/37.0','N'),(513,2,'Manejo de Métodos de Pago','Método editado: 2|Tarjeta de crÃ©dito MasterCard.','2015-04-14 09:17:02','127.0.0.1','Mozilla/5.0 (Windows NT 6.1; WOW64; rv:37.0) Gecko/20100101 Firefox/37.0','N'),(514,2,'Manejo de Métodos de Pago','Método editado: 2|Tarjeta de crÃ©dito MasterCard.','2015-04-14 09:18:20','127.0.0.1','Mozilla/5.0 (Windows NT 6.1; WOW64; rv:37.0) Gecko/20100101 Firefox/37.0','N'),(515,2,'Manejo de Métodos de Pago','Método editado: 2|Tarjeta de crÃ©dito MasterCard.','2015-04-14 09:19:28','127.0.0.1','Mozilla/5.0 (Windows NT 6.1; WOW64; rv:37.0) Gecko/20100101 Firefox/37.0','N'),(516,2,'Manejo de Métodos de Pago','Error recuperando: Error en la base de datos. 0: ','2015-04-14 09:22:50','127.0.0.1','Mozilla/5.0 (Windows NT 6.1; WOW64; rv:37.0) Gecko/20100101 Firefox/37.0','N'),(517,2,'Manejo de Métodos de Pago','El método ha sido agregado: Ã±andÃº 6','2015-04-14 09:22:50','127.0.0.1','Mozilla/5.0 (Windows NT 6.1; WOW64; rv:37.0) Gecko/20100101 Firefox/37.0','N'),(518,2,'Manejo de categorías','Categoría editada: 7|Chiclesñ.','2015-04-14 09:24:00','127.0.0.1','Mozilla/5.0 (Windows NT 6.1; WOW64; rv:37.0) Gecko/20100101 Firefox/37.0','N'),(519,2,'Manejo de Métodos de Pago','Método editado: 6|ñandú.','2015-04-14 09:27:23','127.0.0.1','Mozilla/5.0 (Windows NT 6.1; WOW64; rv:37.0) Gecko/20100101 Firefox/37.0','N'),(520,2,'Manejo de Métodos de Pago','Método editado: 2|Tarjeta de crédito MasterCard.','2015-04-14 09:27:33','127.0.0.1','Mozilla/5.0 (Windows NT 6.1; WOW64; rv:37.0) Gecko/20100101 Firefox/37.0','N'),(521,2,'Manejo de Métodos de Pago','Método editado: 1|Tarjeta de crédito Visa.','2015-04-14 09:27:58','127.0.0.1','Mozilla/5.0 (Windows NT 6.1; WOW64; rv:37.0) Gecko/20100101 Firefox/37.0','N'),(522,2,'Acceso','Sesión terminada.','2015-04-14 09:30:04','127.0.0.1','Mozilla/5.0 (Windows NT 6.1; WOW64; rv:37.0) Gecko/20100101 Firefox/37.0','N'),(523,2,'Acceso','Sesión iniciada.','2015-04-14 09:30:11','127.0.0.1','Mozilla/5.0 (Windows NT 6.1; WOW64; rv:37.0) Gecko/20100101 Firefox/37.0','N'),(524,2,'Acceso','Sesión terminada.','2015-04-14 09:30:50','127.0.0.1','Mozilla/5.0 (Windows NT 6.1; WOW64; rv:37.0) Gecko/20100101 Firefox/37.0','N'),(525,5,'Acceso','Sesión iniciada.','2015-04-14 09:30:55','127.0.0.1','Mozilla/5.0 (Windows NT 6.1; WOW64; rv:37.0) Gecko/20100101 Firefox/37.0','N'),(526,5,'Acceso','Sesión terminada por inactividad.','2015-04-14 10:05:26','127.0.0.1','Mozilla/5.0 (Windows NT 6.1; WOW64; rv:37.0) Gecko/20100101 Firefox/37.0','N'),(527,2,'Acceso','Intento de inicio de sesión con el usuario edrperez.','2015-04-14 10:05:32','127.0.0.1','Mozilla/5.0 (Windows NT 6.1; WOW64; rv:37.0) Gecko/20100101 Firefox/37.0','N'),(528,5,'Acceso','Sesión iniciada.','2015-04-14 10:05:41','127.0.0.1','Mozilla/5.0 (Windows NT 6.1; WOW64; rv:37.0) Gecko/20100101 Firefox/37.0','N'),(529,5,'Acceso','Sesión terminada por inactividad.','2015-04-14 10:45:47','127.0.0.1','Mozilla/5.0 (Windows NT 6.1; WOW64; rv:37.0) Gecko/20100101 Firefox/37.0','N'),(530,5,'Acceso','Sesión iniciada.','2015-04-14 10:45:52','127.0.0.1','Mozilla/5.0 (Windows NT 6.1; WOW64; rv:37.0) Gecko/20100101 Firefox/37.0','N'),(531,5,'Manejo de empresas','Error recuperando todas las empresas.1064: You have an error in your SQL syntax; check the manual that corresponds to your MySQL server version for the right syntax to use near \'BY nombre ASC\' at line 1','2015-04-14 10:55:46','127.0.0.1','Mozilla/5.0 (Windows NT 6.1; WOW64; rv:37.0) Gecko/20100101 Firefox/37.0','N'),(532,5,'Acceso','Sesión terminada por inactividad.','2015-04-14 13:27:51','127.0.0.1','Mozilla/5.0 (Windows NT 6.1; WOW64; rv:37.0) Gecko/20100101 Firefox/37.0','N'),(533,5,'Acceso','Sesión iniciada.','2015-04-14 13:27:57','127.0.0.1','Mozilla/5.0 (Windows NT 6.1; WOW64; rv:37.0) Gecko/20100101 Firefox/37.0','N'),(534,5,'Manejo de Ofertas','1064: You have an error in your SQL syntax; check the manual that corresponds to your MySQL server version for the right syntax to use near \')\' at line 1','2015-04-14 13:58:45','127.0.0.1','Mozilla/5.0 (Windows NT 6.1; WOW64; rv:37.0) Gecko/20100101 Firefox/37.0','Y'),(535,5,'Manejo de Ofertas','La oferta ha sido agregada: Oferta de algo 1','2015-04-14 13:59:25','127.0.0.1','Mozilla/5.0 (Windows NT 6.1; WOW64; rv:37.0) Gecko/20100101 Firefox/37.0','N'),(536,5,'Manejo de Ofertas','La oferta ha sido agregada: lÃ±lklk 2','2015-04-14 14:06:54','127.0.0.1','Mozilla/5.0 (Windows NT 6.1; WOW64; rv:37.0) Gecko/20100101 Firefox/37.0','N'),(537,5,'Manejo de Ofertas','La oferta ha sido agregada: 6687juyug 3','2015-04-14 14:08:19','127.0.0.1','Mozilla/5.0 (Windows NT 6.1; WOW64; rv:37.0) Gecko/20100101 Firefox/37.0','N'),(538,5,'Manejo de Ofertas','La oferta ha sido agregada: kjjh 4','2015-04-14 14:16:27','127.0.0.1','Mozilla/5.0 (Windows NT 6.1; WOW64; rv:37.0) Gecko/20100101 Firefox/37.0','N'),(539,5,'Manejo de Ofertas','Error recuperando: ','2015-04-14 14:46:53','127.0.0.1','Mozilla/5.0 (Windows NT 6.1; WOW64; rv:37.0) Gecko/20100101 Firefox/37.0','N'),(540,5,'Manejo de Ofertas','Error recuperando: ','2015-04-14 14:47:44','127.0.0.1','Mozilla/5.0 (Windows NT 6.1; WOW64; rv:37.0) Gecko/20100101 Firefox/37.0','N'),(541,5,'Manejo de Ofertas','Método editado: 1|Oferta de algo.','2015-04-14 15:21:20','127.0.0.1','Mozilla/5.0 (Windows NT 6.1; WOW64; rv:37.0) Gecko/20100101 Firefox/37.0','N'),(542,5,'Manejo de Ofertas','Oferta editada: 1|Oferta de algo.','2015-04-14 15:28:46','127.0.0.1','Mozilla/5.0 (Windows NT 6.1; WOW64; rv:37.0) Gecko/20100101 Firefox/37.0','N'),(543,5,'Manejo de Ofertas','Oferta editada: 1|Oferta de algo.','2015-04-14 15:28:59','127.0.0.1','Mozilla/5.0 (Windows NT 6.1; WOW64; rv:37.0) Gecko/20100101 Firefox/37.0','N'),(544,5,'Manejo de Ofertas','Oferta editada: 1|Oferta de algo.','2015-04-14 15:30:37','127.0.0.1','Mozilla/5.0 (Windows NT 6.1; WOW64; rv:37.0) Gecko/20100101 Firefox/37.0','N'),(545,5,'Manejo de Ofertas','Oferta activada: 4.','2015-04-14 15:49:59','127.0.0.1','Mozilla/5.0 (Windows NT 6.1; WOW64; rv:37.0) Gecko/20100101 Firefox/37.0','N'),(546,5,'Acceso','Sesión terminada por inactividad.','2015-04-14 16:26:31','127.0.0.1','Mozilla/5.0 (Windows NT 6.1; WOW64; rv:37.0) Gecko/20100101 Firefox/37.0','N'),(547,5,'Acceso','Sesión iniciada.','2015-04-14 16:26:42','127.0.0.1','Mozilla/5.0 (Windows NT 6.1; WOW64; rv:37.0) Gecko/20100101 Firefox/37.0','N'),(548,5,'Acceso','Sesión terminada por inactividad.','2015-04-15 08:17:28','127.0.0.1','Mozilla/5.0 (Windows NT 6.1; WOW64; rv:37.0) Gecko/20100101 Firefox/37.0','N'),(549,2,'Acceso','Sesión iniciada.','2015-04-15 08:20:42','127.0.0.1','Mozilla/5.0 (Windows NT 6.1; WOW64; rv:37.0) Gecko/20100101 Firefox/37.0','N'),(550,2,'Acceso','Sesión terminada.','2015-04-15 08:20:49','127.0.0.1','Mozilla/5.0 (Windows NT 6.1; WOW64; rv:37.0) Gecko/20100101 Firefox/37.0','N'),(551,5,'Acceso','Sesión iniciada.','2015-04-15 08:20:54','127.0.0.1','Mozilla/5.0 (Windows NT 6.1; WOW64; rv:37.0) Gecko/20100101 Firefox/37.0','N'),(552,5,'Acceso','Sesión terminada por inactividad.','2015-04-15 09:21:55','127.0.0.1','Mozilla/5.0 (Windows NT 6.1; WOW64; rv:37.0) Gecko/20100101 Firefox/37.0','N'),(553,5,'Acceso','Sesión iniciada.','2015-04-15 09:22:06','127.0.0.1','Mozilla/5.0 (Windows NT 6.1; WOW64; rv:37.0) Gecko/20100101 Firefox/37.0','N'),(554,5,'Acceso','Sesión terminada por inactividad.','2015-04-15 15:01:02','127.0.0.1','Mozilla/5.0 (Windows NT 6.1; WOW64; rv:37.0) Gecko/20100101 Firefox/37.0','N'),(555,5,'Acceso','Sesión iniciada.','2015-04-15 15:01:23','127.0.0.1','Mozilla/5.0 (Windows NT 6.1; WOW64; rv:37.0) Gecko/20100101 Firefox/37.0','N'),(556,5,'Acceso','Sesión terminada por inactividad.','2015-04-15 15:31:52','127.0.0.1','Mozilla/5.0 (Windows NT 6.1; WOW64; rv:37.0) Gecko/20100101 Firefox/37.0','N'),(557,5,'Acceso','Sesión iniciada.','2015-04-15 15:31:58','127.0.0.1','Mozilla/5.0 (Windows NT 6.1; WOW64; rv:37.0) Gecko/20100101 Firefox/37.0','N'),(558,5,'Manejo de Ofertas','La imagen ha sido agregada: 28958552ee725e36e94.48971757.jpg 1','2015-04-15 16:33:10','127.0.0.1','Mozilla/5.0 (Windows NT 6.1; WOW64; rv:37.0) Gecko/20100101 Firefox/37.0','N'),(559,5,'Manejo de Ofertas','La imagen ha sido agregada: 32255552ee725e36e93.97811783.jpg 2','2015-04-15 16:33:10','127.0.0.1','Mozilla/5.0 (Windows NT 6.1; WOW64; rv:37.0) Gecko/20100101 Firefox/37.0','N'),(560,5,'Manejo de Ofertas','La imagen ha sido agregada: 1996552ee725e36e96.56174112.jpg 3','2015-04-15 16:33:10','127.0.0.1','Mozilla/5.0 (Windows NT 6.1; WOW64; rv:37.0) Gecko/20100101 Firefox/37.0','N'),(561,5,'Manejo de Ofertas','La imagen ha sido agregada: 10773552ee725e36e99.90049452.jpg 4','2015-04-15 16:33:10','127.0.0.1','Mozilla/5.0 (Windows NT 6.1; WOW64; rv:37.0) Gecko/20100101 Firefox/37.0','N'),(562,5,'Manejo de Ofertas','La imagen ha sido agregada: 298552ee725e36e96.03233800.jpg 5','2015-04-15 16:33:10','127.0.0.1','Mozilla/5.0 (Windows NT 6.1; WOW64; rv:37.0) Gecko/20100101 Firefox/37.0','N'),(563,5,'Manejo de Ofertas','La imagen ha sido agregada: 31515552ee725e36e96.77660029.jpg 6','2015-04-15 16:33:10','127.0.0.1','Mozilla/5.0 (Windows NT 6.1; WOW64; rv:37.0) Gecko/20100101 Firefox/37.0','N'),(564,5,'Manejo de Ofertas','La imagen ha sido agregada: 21688552ee725e36e90.63860142.jpg 7','2015-04-15 16:33:10','127.0.0.1','Mozilla/5.0 (Windows NT 6.1; WOW64; rv:37.0) Gecko/20100101 Firefox/37.0','N'),(565,5,'Manejo de Ofertas','La imagen ha sido agregada: 21137552ee725e36e96.48670811.jpg 8','2015-04-15 16:33:10','127.0.0.1','Mozilla/5.0 (Windows NT 6.1; WOW64; rv:37.0) Gecko/20100101 Firefox/37.0','N'),(566,5,'Manejo de Ofertas','La imagen ha sido agregada: 7406552ee752bd1a16.96070811.jpg 9','2015-04-15 16:33:54','127.0.0.1','Mozilla/5.0 (Windows NT 6.1; WOW64; rv:37.0) Gecko/20100101 Firefox/37.0','N'),(567,5,'Manejo de Ofertas','La imagen ha sido agregada: 1423552ee752bd1a17.50505171.jpg 10','2015-04-15 16:33:54','127.0.0.1','Mozilla/5.0 (Windows NT 6.1; WOW64; rv:37.0) Gecko/20100101 Firefox/37.0','N'),(568,5,'Manejo de Ofertas','La imagen ha sido agregada: 8220552ee752bd1a14.95943959.jpg 11','2015-04-15 16:33:54','127.0.0.1','Mozilla/5.0 (Windows NT 6.1; WOW64; rv:37.0) Gecko/20100101 Firefox/37.0','N'),(569,5,'Manejo de Ofertas','La imagen ha sido agregada: 25637552ee752bd1a17.40144418.jpg 12','2015-04-15 16:33:54','127.0.0.1','Mozilla/5.0 (Windows NT 6.1; WOW64; rv:37.0) Gecko/20100101 Firefox/37.0','N'),(570,5,'Manejo de Ofertas','La imagen ha sido agregada: 6650552ee752bd1a15.96319336.jpg 13','2015-04-15 16:33:54','127.0.0.1','Mozilla/5.0 (Windows NT 6.1; WOW64; rv:37.0) Gecko/20100101 Firefox/37.0','N'),(571,5,'Manejo de Ofertas','La imagen ha sido agregada: 27563552ee752bd1a16.66507731.jpg 14','2015-04-15 16:33:54','127.0.0.1','Mozilla/5.0 (Windows NT 6.1; WOW64; rv:37.0) Gecko/20100101 Firefox/37.0','N'),(572,5,'Manejo de Ofertas','La imagen ha sido agregada: 8712552ee752bd1a12.78312714.jpg 15','2015-04-15 16:33:54','127.0.0.1','Mozilla/5.0 (Windows NT 6.1; WOW64; rv:37.0) Gecko/20100101 Firefox/37.0','N'),(573,5,'Manejo de Ofertas','La imagen ha sido agregada: 7585552ee752bd1a17.24598424.jpg 16','2015-04-15 16:33:54','127.0.0.1','Mozilla/5.0 (Windows NT 6.1; WOW64; rv:37.0) Gecko/20100101 Firefox/37.0','N'),(574,5,'Manejo de Ofertas','La imagen ha sido agregada: 14022552ee7663fdb93.82491118.jpg 17','2015-04-15 16:34:14','127.0.0.1','Mozilla/5.0 (Windows NT 6.1; WOW64; rv:37.0) Gecko/20100101 Firefox/37.0','N'),(575,5,'Manejo de Ofertas','La imagen ha sido agregada: 22151552ee7663fdb91.40146707.jpg 18','2015-04-15 16:34:14','127.0.0.1','Mozilla/5.0 (Windows NT 6.1; WOW64; rv:37.0) Gecko/20100101 Firefox/37.0','N'),(576,5,'Manejo de Ofertas','La imagen ha sido agregada: 10676552ee7663fdb90.27024086.jpg 19','2015-04-15 16:34:14','127.0.0.1','Mozilla/5.0 (Windows NT 6.1; WOW64; rv:37.0) Gecko/20100101 Firefox/37.0','N'),(577,5,'Manejo de Ofertas','La imagen ha sido agregada: 18909552ee7663fdb92.27797607.jpg 20','2015-04-15 16:34:14','127.0.0.1','Mozilla/5.0 (Windows NT 6.1; WOW64; rv:37.0) Gecko/20100101 Firefox/37.0','N'),(578,5,'Manejo de Ofertas','La imagen ha sido agregada: 31058552ee7663fdb90.02962240.jpg 21','2015-04-15 16:34:14','127.0.0.1','Mozilla/5.0 (Windows NT 6.1; WOW64; rv:37.0) Gecko/20100101 Firefox/37.0','N'),(579,5,'Manejo de Ofertas','La imagen ha sido agregada: 21539552ee7663fdb97.39841810.jpg 22','2015-04-15 16:34:14','127.0.0.1','Mozilla/5.0 (Windows NT 6.1; WOW64; rv:37.0) Gecko/20100101 Firefox/37.0','N'),(580,5,'Manejo de Ofertas','La imagen ha sido agregada: 11552552ee7663fdb94.57724378.jpg 23','2015-04-15 16:34:14','127.0.0.1','Mozilla/5.0 (Windows NT 6.1; WOW64; rv:37.0) Gecko/20100101 Firefox/37.0','N'),(581,5,'Manejo de Ofertas','La imagen ha sido agregada: 9945552ee7663fdb97.82225046.jpg 24','2015-04-15 16:34:14','127.0.0.1','Mozilla/5.0 (Windows NT 6.1; WOW64; rv:37.0) Gecko/20100101 Firefox/37.0','N'),(582,5,'Manejo de Ofertas','La imagen ha sido agregada: 27686552ee77c526991.89876473.jpg 25','2015-04-15 16:34:36','127.0.0.1','Mozilla/5.0 (Windows NT 6.1; WOW64; rv:37.0) Gecko/20100101 Firefox/37.0','N'),(583,5,'Manejo de Ofertas','La imagen ha sido agregada: 20583552ee77c526999.40876125.jpg 26','2015-04-15 16:34:36','127.0.0.1','Mozilla/5.0 (Windows NT 6.1; WOW64; rv:37.0) Gecko/20100101 Firefox/37.0','N'),(584,5,'Manejo de Ofertas','La imagen ha sido agregada: 19988552ee77c526990.50716319.jpg 27','2015-04-15 16:34:36','127.0.0.1','Mozilla/5.0 (Windows NT 6.1; WOW64; rv:37.0) Gecko/20100101 Firefox/37.0','N'),(585,5,'Manejo de Ofertas','La imagen ha sido agregada: 1725552ee77c526993.85710484.jpg 28','2015-04-15 16:34:36','127.0.0.1','Mozilla/5.0 (Windows NT 6.1; WOW64; rv:37.0) Gecko/20100101 Firefox/37.0','N'),(586,5,'Manejo de Ofertas','La imagen ha sido agregada: 9394552ee77c526992.28390044.jpg 29','2015-04-15 16:34:36','127.0.0.1','Mozilla/5.0 (Windows NT 6.1; WOW64; rv:37.0) Gecko/20100101 Firefox/37.0','N'),(587,5,'Manejo de Ofertas','La imagen ha sido agregada: 3075552ee77c526993.08067224.jpg 30','2015-04-15 16:34:36','127.0.0.1','Mozilla/5.0 (Windows NT 6.1; WOW64; rv:37.0) Gecko/20100101 Firefox/37.0','N'),(588,5,'Manejo de Ofertas','La imagen ha sido agregada: 14208552ee77c526995.86607705.jpg 31','2015-04-15 16:34:36','127.0.0.1','Mozilla/5.0 (Windows NT 6.1; WOW64; rv:37.0) Gecko/20100101 Firefox/37.0','N'),(589,5,'Manejo de Ofertas','La imagen ha sido agregada: 20921552ee77c526998.33760595.jpg 32','2015-04-15 16:34:36','127.0.0.1','Mozilla/5.0 (Windows NT 6.1; WOW64; rv:37.0) Gecko/20100101 Firefox/37.0','N'),(590,5,'Acceso','Sesión terminada por inactividad.','2015-04-16 07:56:33','127.0.0.1','Mozilla/5.0 (Windows NT 6.1; WOW64; rv:37.0) Gecko/20100101 Firefox/37.0','N'),(591,5,'Acceso','Sesión iniciada.','2015-04-16 07:56:40','127.0.0.1','Mozilla/5.0 (Windows NT 6.1; WOW64; rv:37.0) Gecko/20100101 Firefox/37.0','N'),(592,5,'Manejo de Ofertas','La imagen ha sido agregada: 25940552fc2520776a5.96474390.jpg 33','2015-04-16 08:08:18','127.0.0.1','Mozilla/5.0 (Windows NT 6.1; WOW64; rv:37.0) Gecko/20100101 Firefox/37.0','N'),(593,5,'Manejo de Ofertas','La imagen ha sido agregada: 27901552fc2520776a1.97486489.jpg 34','2015-04-16 08:08:18','127.0.0.1','Mozilla/5.0 (Windows NT 6.1; WOW64; rv:37.0) Gecko/20100101 Firefox/37.0','N'),(594,5,'Manejo de Ofertas','La imagen ha sido agregada: 11762552fc2520776a6.32431758.jpg 35','2015-04-16 08:08:18','127.0.0.1','Mozilla/5.0 (Windows NT 6.1; WOW64; rv:37.0) Gecko/20100101 Firefox/37.0','N'),(595,5,'Manejo de Ofertas','La imagen ha sido agregada: 31811552fc2520776a4.31650195.jpg 36','2015-04-16 08:08:18','127.0.0.1','Mozilla/5.0 (Windows NT 6.1; WOW64; rv:37.0) Gecko/20100101 Firefox/37.0','N'),(596,5,'Manejo de Ofertas','La imagen ha sido agregada: 704552fc2520776a4.84664769.jpg 37','2015-04-16 08:08:18','127.0.0.1','Mozilla/5.0 (Windows NT 6.1; WOW64; rv:37.0) Gecko/20100101 Firefox/37.0','N'),(597,5,'Manejo de Ofertas','La imagen ha sido agregada: 23545552fc2520776a0.52921059.jpg 38','2015-04-16 08:08:18','127.0.0.1','Mozilla/5.0 (Windows NT 6.1; WOW64; rv:37.0) Gecko/20100101 Firefox/37.0','N'),(598,5,'Manejo de Ofertas','La imagen ha sido agregada: 14142552fc2520776a3.36677046.jpg 39','2015-04-16 08:08:18','127.0.0.1','Mozilla/5.0 (Windows NT 6.1; WOW64; rv:37.0) Gecko/20100101 Firefox/37.0','N'),(599,5,'Manejo de Ofertas','La imagen ha sido agregada: 6559552fc2520776a9.62262555.jpg 40','2015-04-16 08:08:18','127.0.0.1','Mozilla/5.0 (Windows NT 6.1; WOW64; rv:37.0) Gecko/20100101 Firefox/37.0','N'),(600,5,'Manejo de Ofertas','La imagen ha sido agregada: 4955552fc2708d8295.69400979.jpg 41','2015-04-16 08:08:48','127.0.0.1','Mozilla/5.0 (Windows NT 6.1; WOW64; rv:37.0) Gecko/20100101 Firefox/37.0','N'),(601,5,'Manejo de Ofertas','La imagen ha sido agregada: 10232552fc2708dff96.88099392.jpg 42','2015-04-16 08:08:48','127.0.0.1','Mozilla/5.0 (Windows NT 6.1; WOW64; rv:37.0) Gecko/20100101 Firefox/37.0','N'),(602,5,'Manejo de Ofertas','La imagen ha sido agregada: 17617552fc2708e3e18.47995906.jpg 43','2015-04-16 08:08:48','127.0.0.1','Mozilla/5.0 (Windows NT 6.1; WOW64; rv:37.0) Gecko/20100101 Firefox/37.0','N'),(603,5,'Manejo de Ofertas','La imagen ha sido agregada: 11062552fc2708ebb13.84058511.jpg 44','2015-04-16 08:08:48','127.0.0.1','Mozilla/5.0 (Windows NT 6.1; WOW64; rv:37.0) Gecko/20100101 Firefox/37.0','N'),(604,5,'Manejo de Ofertas','La imagen ha sido agregada: 2615552fc2708ef998.51523937.jpg 45','2015-04-16 08:08:48','127.0.0.1','Mozilla/5.0 (Windows NT 6.1; WOW64; rv:37.0) Gecko/20100101 Firefox/37.0','N'),(605,5,'Manejo de Ofertas','La imagen ha sido agregada: 19364552fc2708f3815.42443881.jpg 46','2015-04-16 08:08:48','127.0.0.1','Mozilla/5.0 (Windows NT 6.1; WOW64; rv:37.0) Gecko/20100101 Firefox/37.0','N'),(606,5,'Manejo de Ofertas','La imagen ha sido agregada: 23821552fc2708f7698.38529551.jpg 47','2015-04-16 08:08:48','127.0.0.1','Mozilla/5.0 (Windows NT 6.1; WOW64; rv:37.0) Gecko/20100101 Firefox/37.0','N'),(607,5,'Manejo de Ofertas','La imagen ha sido agregada: 17602552fc2708fb525.71158535.jpg 48','2015-04-16 08:08:48','127.0.0.1','Mozilla/5.0 (Windows NT 6.1; WOW64; rv:37.0) Gecko/20100101 Firefox/37.0','N'),(608,5,'Manejo de Ofertas','La imagen ha sido agregada: 4308552fc48754f0f2.27933717.png 1','2015-04-16 08:17:43','127.0.0.1','Mozilla/5.0 (Windows NT 6.1; WOW64; rv:37.0) Gecko/20100101 Firefox/37.0','N'),(609,5,'Manejo de Ofertas','La imagen ha sido agregada: 29309552fc487556df2.40470871.png 2','2015-04-16 08:17:43','127.0.0.1','Mozilla/5.0 (Windows NT 6.1; WOW64; rv:37.0) Gecko/20100101 Firefox/37.0','N'),(610,5,'Manejo de Ofertas','La imagen ha sido agregada: 1394552fc48755eaf7.25492999.png 3','2015-04-16 08:17:43','127.0.0.1','Mozilla/5.0 (Windows NT 6.1; WOW64; rv:37.0) Gecko/20100101 Firefox/37.0','N'),(611,5,'Manejo de Ofertas','La imagen ha sido agregada: 13985552fc5326a0206.73072242.jpg 4','2015-04-16 08:20:34','127.0.0.1','Mozilla/5.0 (Windows NT 6.1; WOW64; rv:37.0) Gecko/20100101 Firefox/37.0','N'),(612,5,'Manejo de Ofertas','La imagen ha sido agregada: 198552fc5326a7f05.99685606.png 5','2015-04-16 08:20:34','127.0.0.1','Mozilla/5.0 (Windows NT 6.1; WOW64; rv:37.0) Gecko/20100101 Firefox/37.0','N'),(613,5,'Manejo de Ofertas','La imagen ha sido agregada: 22663552fc5326abd84.73505668.png 6','2015-04-16 08:20:34','127.0.0.1','Mozilla/5.0 (Windows NT 6.1; WOW64; rv:37.0) Gecko/20100101 Firefox/37.0','N'),(614,5,'Manejo de Ofertas','La imagen ha sido agregada: 948552fc5326b7904.62904581.png 7','2015-04-16 08:20:34','127.0.0.1','Mozilla/5.0 (Windows NT 6.1; WOW64; rv:37.0) Gecko/20100101 Firefox/37.0','N'),(615,5,'Manejo de Ofertas','La imagen ha sido agregada: 18036552fc55dab45e1.56071668.jpg 8','2015-04-16 08:21:17','127.0.0.1','Mozilla/5.0 (Windows NT 6.1; WOW64; rv:37.0) Gecko/20100101 Firefox/37.0','N'),(616,5,'Manejo de Ofertas','La imagen ha sido agregada: 1949552fc55dab8466.94078538.png 9','2015-04-16 08:21:17','127.0.0.1','Mozilla/5.0 (Windows NT 6.1; WOW64; rv:37.0) Gecko/20100101 Firefox/37.0','N'),(617,5,'Manejo de Ofertas','La imagen ha sido agregada: 17426552fc55dabc2e9.01301137.png 10','2015-04-16 08:21:17','127.0.0.1','Mozilla/5.0 (Windows NT 6.1; WOW64; rv:37.0) Gecko/20100101 Firefox/37.0','N'),(618,5,'Manejo de Ofertas','La imagen ha sido agregada: 10211552fc55dac0168.92101110.png 11','2015-04-16 08:21:17','127.0.0.1','Mozilla/5.0 (Windows NT 6.1; WOW64; rv:37.0) Gecko/20100101 Firefox/37.0','N'),(619,5,'Acceso','Sesión terminada por inactividad.','2015-04-16 08:42:16','127.0.0.1','Mozilla/5.0 (Windows NT 6.1; WOW64; rv:37.0) Gecko/20100101 Firefox/37.0','N'),(620,5,'Acceso','Sesión iniciada.','2015-04-16 08:42:21','127.0.0.1','Mozilla/5.0 (Windows NT 6.1; WOW64; rv:37.0) Gecko/20100101 Firefox/37.0','N'),(621,5,'Manejo de Ofertas','La imagen ha sido agregada: 8571552fcb2004a072.61049053.jpg 1','2015-04-16 08:45:52','127.0.0.1','Mozilla/5.0 (Windows NT 6.1; WOW64; rv:37.0) Gecko/20100101 Firefox/37.0','N'),(622,5,'Manejo de Ofertas','La imagen ha sido agregada: 27544552fcb200bf3a5.40082161.png 2','2015-04-16 08:45:52','127.0.0.1','Mozilla/5.0 (Windows NT 6.1; WOW64; rv:37.0) Gecko/20100101 Firefox/37.0','N'),(623,5,'Manejo de Ofertas','La imagen ha sido agregada: 20465552fcb200c3223.17932220.png 3','2015-04-16 08:45:52','127.0.0.1','Mozilla/5.0 (Windows NT 6.1; WOW64; rv:37.0) Gecko/20100101 Firefox/37.0','N'),(624,5,'Manejo de Ofertas','La imagen ha sido agregada: 10198552fcb200caf24.93139736.png 4','2015-04-16 08:45:52','127.0.0.1','Mozilla/5.0 (Windows NT 6.1; WOW64; rv:37.0) Gecko/20100101 Firefox/37.0','N'),(625,5,'Manejo de Ofertas','La imagen ha sido agregada: 14962552fcb828ec055.18883429.jpg 1','2015-04-16 08:47:30','127.0.0.1','Mozilla/5.0 (Windows NT 6.1; WOW64; rv:37.0) Gecko/20100101 Firefox/37.0','N'),(626,5,'Manejo de Ofertas','La imagen ha sido agregada: 20163552fcb828f3d59.12878981.png 2','2015-04-16 08:47:30','127.0.0.1','Mozilla/5.0 (Windows NT 6.1; WOW64; rv:37.0) Gecko/20100101 Firefox/37.0','N'),(627,5,'Manejo de Ofertas','La imagen ha sido agregada: 9024552fcb828f7bd2.77842460.png 3','2015-04-16 08:47:30','127.0.0.1','Mozilla/5.0 (Windows NT 6.1; WOW64; rv:37.0) Gecko/20100101 Firefox/37.0','N'),(628,5,'Manejo de Ofertas','La imagen ha sido agregada: 12921552fcb828ff8d8.28514344.png 4','2015-04-16 08:47:30','127.0.0.1','Mozilla/5.0 (Windows NT 6.1; WOW64; rv:37.0) Gecko/20100101 Firefox/37.0','N'),(629,5,'Manejo de Ofertas','La imagen ha sido agregada: 30226552fcb905178d8.45765077.jpg 5','2015-04-16 08:47:44','127.0.0.1','Mozilla/5.0 (Windows NT 6.1; WOW64; rv:37.0) Gecko/20100101 Firefox/37.0','N'),(630,5,'Manejo de Ofertas','La imagen ha sido agregada: 29155552fcb9051b752.30706473.png 6','2015-04-16 08:47:44','127.0.0.1','Mozilla/5.0 (Windows NT 6.1; WOW64; rv:37.0) Gecko/20100101 Firefox/37.0','N'),(631,5,'Manejo de Ofertas','La imagen ha sido agregada: 22496552fcb9051b758.07494617.png 7','2015-04-16 08:47:44','127.0.0.1','Mozilla/5.0 (Windows NT 6.1; WOW64; rv:37.0) Gecko/20100101 Firefox/37.0','N'),(632,5,'Manejo de Ofertas','La imagen ha sido agregada: 23193552fcb9051f5d4.80475203.png 8','2015-04-16 08:47:44','127.0.0.1','Mozilla/5.0 (Windows NT 6.1; WOW64; rv:37.0) Gecko/20100101 Firefox/37.0','N'),(633,5,'Manejo de Ofertas','La imagen ha sido agregada: 32736552fcccd097a35.19428690.jpg 1','2015-04-16 08:53:01','127.0.0.1','Mozilla/5.0 (Windows NT 6.1; WOW64; rv:37.0) Gecko/20100101 Firefox/37.0','N'),(634,5,'Manejo de Ofertas','La imagen ha sido agregada: 25241552fcccd097a37.74424222.png 2','2015-04-16 08:53:01','127.0.0.1','Mozilla/5.0 (Windows NT 6.1; WOW64; rv:37.0) Gecko/20100101 Firefox/37.0','N'),(635,5,'Manejo de Ofertas','La imagen ha sido agregada: 18782552fcccd09b8b0.13294877.png 3','2015-04-16 08:53:01','127.0.0.1','Mozilla/5.0 (Windows NT 6.1; WOW64; rv:37.0) Gecko/20100101 Firefox/37.0','N'),(636,5,'Manejo de Ofertas','La imagen ha sido agregada: 4415552fcccd09f737.41842477.png 4','2015-04-16 08:53:01','127.0.0.1','Mozilla/5.0 (Windows NT 6.1; WOW64; rv:37.0) Gecko/20100101 Firefox/37.0','N'),(637,5,'Manejo de Ofertas','La imagen ha sido agregada: 2544552fcdb6912002.94429184.jpg 5','2015-04-16 08:56:54','127.0.0.1','Mozilla/5.0 (Windows NT 6.1; WOW64; rv:37.0) Gecko/20100101 Firefox/37.0','N'),(638,5,'Manejo de Ofertas','La imagen ha sido agregada: 2921552fcdb6915e85.52488536.png 6','2015-04-16 08:56:54','127.0.0.1','Mozilla/5.0 (Windows NT 6.1; WOW64; rv:37.0) Gecko/20100101 Firefox/37.0','N'),(639,5,'Manejo de Ofertas','La imagen ha sido agregada: 2542552fcdb6919d08.46821661.png 7','2015-04-16 08:56:54','127.0.0.1','Mozilla/5.0 (Windows NT 6.1; WOW64; rv:37.0) Gecko/20100101 Firefox/37.0','N'),(640,5,'Manejo de Ofertas','La imagen ha sido agregada: 28303552fcdb691db87.30856005.png 8','2015-04-16 08:56:54','127.0.0.1','Mozilla/5.0 (Windows NT 6.1; WOW64; rv:37.0) Gecko/20100101 Firefox/37.0','N'),(641,5,'Manejo de Ofertas','La imagen ha sido agregada: 28050552fce271cbb34.47684017.jpg 9','2015-04-16 08:58:47','127.0.0.1','Mozilla/5.0 (Windows NT 6.1; WOW64; rv:37.0) Gecko/20100101 Firefox/37.0','N'),(642,5,'Manejo de Ofertas','La imagen ha sido agregada: 21347552fce271d3837.75079173.png 10','2015-04-16 08:58:47','127.0.0.1','Mozilla/5.0 (Windows NT 6.1; WOW64; rv:37.0) Gecko/20100101 Firefox/37.0','N'),(643,5,'Manejo de Ofertas','La imagen ha sido agregada: 23392552fce271db544.39623339.png 11','2015-04-16 08:58:47','127.0.0.1','Mozilla/5.0 (Windows NT 6.1; WOW64; rv:37.0) Gecko/20100101 Firefox/37.0','N'),(644,5,'Manejo de Ofertas','La imagen ha sido agregada: 22553552fce271e3248.03857446.png 12','2015-04-16 08:58:47','127.0.0.1','Mozilla/5.0 (Windows NT 6.1; WOW64; rv:37.0) Gecko/20100101 Firefox/37.0','N'),(645,5,'Manejo de Ofertas','La imagen ha sido agregada: 11145552fcead1fc233.62802362.jpg 1','2015-04-16 09:01:01','127.0.0.1','Mozilla/5.0 (Windows NT 6.1; WOW64; rv:37.0) Gecko/20100101 Firefox/37.0','N'),(646,5,'Manejo de Ofertas','La imagen ha sido agregada: 30606552fcead2000b2.05347052.png 2','2015-04-16 09:01:01','127.0.0.1','Mozilla/5.0 (Windows NT 6.1; WOW64; rv:37.0) Gecko/20100101 Firefox/37.0','N'),(647,5,'Manejo de Ofertas','La imagen ha sido agregada: 23471552fcead203f31.72828042.png 3','2015-04-16 09:01:01','127.0.0.1','Mozilla/5.0 (Windows NT 6.1; WOW64; rv:37.0) Gecko/20100101 Firefox/37.0','N'),(648,5,'Manejo de Ofertas','La imagen ha sido agregada: 3004552fcead207db9.86340786.png 4','2015-04-16 09:01:01','127.0.0.1','Mozilla/5.0 (Windows NT 6.1; WOW64; rv:37.0) Gecko/20100101 Firefox/37.0','N'),(649,5,'Manejo de Ofertas','0: ','2015-04-16 09:01:20','127.0.0.1','Mozilla/5.0 (Windows NT 6.1; WOW64; rv:37.0) Gecko/20100101 Firefox/37.0','Y'),(650,5,'Manejo de Ofertas','0: ','2015-04-16 09:01:20','127.0.0.1','Mozilla/5.0 (Windows NT 6.1; WOW64; rv:37.0) Gecko/20100101 Firefox/37.0','Y'),(651,5,'Manejo de Ofertas','0: ','2015-04-16 09:01:20','127.0.0.1','Mozilla/5.0 (Windows NT 6.1; WOW64; rv:37.0) Gecko/20100101 Firefox/37.0','Y'),(652,5,'Manejo de Ofertas','0: ','2015-04-16 09:01:20','127.0.0.1','Mozilla/5.0 (Windows NT 6.1; WOW64; rv:37.0) Gecko/20100101 Firefox/37.0','Y'),(653,5,'Manejo de Ofertas','0: ','2015-04-16 09:01:31','127.0.0.1','Mozilla/5.0 (Windows NT 6.1; WOW64; rv:37.0) Gecko/20100101 Firefox/37.0','Y'),(654,5,'Manejo de Ofertas','0: ','2015-04-16 09:01:31','127.0.0.1','Mozilla/5.0 (Windows NT 6.1; WOW64; rv:37.0) Gecko/20100101 Firefox/37.0','Y'),(655,5,'Manejo de Ofertas','0: ','2015-04-16 09:01:31','127.0.0.1','Mozilla/5.0 (Windows NT 6.1; WOW64; rv:37.0) Gecko/20100101 Firefox/37.0','Y'),(656,5,'Manejo de Ofertas','0: ','2015-04-16 09:01:31','127.0.0.1','Mozilla/5.0 (Windows NT 6.1; WOW64; rv:37.0) Gecko/20100101 Firefox/37.0','Y'),(657,5,'Manejo de Ofertas','0: ','2015-04-16 09:01:42','127.0.0.1','Mozilla/5.0 (Windows NT 6.1; WOW64; rv:37.0) Gecko/20100101 Firefox/37.0','Y'),(658,5,'Manejo de Ofertas','0: ','2015-04-16 09:01:42','127.0.0.1','Mozilla/5.0 (Windows NT 6.1; WOW64; rv:37.0) Gecko/20100101 Firefox/37.0','Y'),(659,5,'Manejo de Ofertas','0: ','2015-04-16 09:01:42','127.0.0.1','Mozilla/5.0 (Windows NT 6.1; WOW64; rv:37.0) Gecko/20100101 Firefox/37.0','Y'),(660,5,'Manejo de Ofertas','0: ','2015-04-16 09:01:42','127.0.0.1','Mozilla/5.0 (Windows NT 6.1; WOW64; rv:37.0) Gecko/20100101 Firefox/37.0','Y'),(661,5,'Manejo de Ofertas','0: ','2015-04-16 09:04:27','127.0.0.1','Mozilla/5.0 (Windows NT 6.1; WOW64; rv:37.0) Gecko/20100101 Firefox/37.0','Y'),(662,5,'Manejo de Ofertas','0: ','2015-04-16 09:04:27','127.0.0.1','Mozilla/5.0 (Windows NT 6.1; WOW64; rv:37.0) Gecko/20100101 Firefox/37.0','Y'),(663,5,'Manejo de Ofertas','0: ','2015-04-16 09:04:27','127.0.0.1','Mozilla/5.0 (Windows NT 6.1; WOW64; rv:37.0) Gecko/20100101 Firefox/37.0','Y'),(664,5,'Manejo de Ofertas','0: ','2015-04-16 09:04:27','127.0.0.1','Mozilla/5.0 (Windows NT 6.1; WOW64; rv:37.0) Gecko/20100101 Firefox/37.0','Y'),(665,5,'Manejo de Ofertas','0: ','2015-04-16 09:04:33','127.0.0.1','Mozilla/5.0 (Windows NT 6.1; WOW64; rv:37.0) Gecko/20100101 Firefox/37.0','Y'),(666,5,'Manejo de Ofertas','0: ','2015-04-16 09:04:34','127.0.0.1','Mozilla/5.0 (Windows NT 6.1; WOW64; rv:37.0) Gecko/20100101 Firefox/37.0','Y'),(667,5,'Manejo de Ofertas','0: ','2015-04-16 09:04:34','127.0.0.1','Mozilla/5.0 (Windows NT 6.1; WOW64; rv:37.0) Gecko/20100101 Firefox/37.0','Y'),(668,5,'Manejo de Ofertas','0: ','2015-04-16 09:04:34','127.0.0.1','Mozilla/5.0 (Windows NT 6.1; WOW64; rv:37.0) Gecko/20100101 Firefox/37.0','Y'),(669,5,'Manejo de Ofertas','La imagen ha sido agregada: 10294552fcfa1e9c7b3.51539132.jpg 1','2015-04-16 09:05:05','127.0.0.1','Mozilla/5.0 (Windows NT 6.1; WOW64; rv:37.0) Gecko/20100101 Firefox/37.0','N'),(670,5,'Manejo de Ofertas','La imagen ha sido agregada: 17207552fcfa1ea0632.75416437.png 2','2015-04-16 09:05:05','127.0.0.1','Mozilla/5.0 (Windows NT 6.1; WOW64; rv:37.0) Gecko/20100101 Firefox/37.0','N'),(671,5,'Manejo de Ofertas','La imagen ha sido agregada: 4260552fcfa1ea8341.19615312.png 3','2015-04-16 09:05:06','127.0.0.1','Mozilla/5.0 (Windows NT 6.1; WOW64; rv:37.0) Gecko/20100101 Firefox/37.0','N'),(672,5,'Manejo de Ofertas','La imagen ha sido agregada: 15885552fcfa1eb0045.57665832.png 4','2015-04-16 09:05:06','127.0.0.1','Mozilla/5.0 (Windows NT 6.1; WOW64; rv:37.0) Gecko/20100101 Firefox/37.0','N'),(673,5,'Manejo de Ofertas','La imagen ha sido agregada: 25749552fcfedb95670.82856580.jpg 5','2015-04-16 09:06:21','127.0.0.1','Mozilla/5.0 (Windows NT 6.1; WOW64; rv:37.0) Gecko/20100101 Firefox/37.0','N'),(674,5,'Manejo de Ofertas','La imagen ha sido agregada: 27050552fcfedb994f3.42978650.png 6','2015-04-16 09:06:21','127.0.0.1','Mozilla/5.0 (Windows NT 6.1; WOW64; rv:37.0) Gecko/20100101 Firefox/37.0','N'),(675,5,'Manejo de Ofertas','La imagen ha sido agregada: 31131552fcfedb9d371.96944654.png 7','2015-04-16 09:06:21','127.0.0.1','Mozilla/5.0 (Windows NT 6.1; WOW64; rv:37.0) Gecko/20100101 Firefox/37.0','N'),(676,5,'Manejo de Ofertas','La imagen ha sido agregada: 12600552fcfedba11f5.22099361.png 8','2015-04-16 09:06:21','127.0.0.1','Mozilla/5.0 (Windows NT 6.1; WOW64; rv:37.0) Gecko/20100101 Firefox/37.0','N'),(677,5,'Manejo de Ofertas','La imagen ha sido agregada: 25264552fcff74367e9.45566783.jpg 9','2015-04-16 09:06:31','127.0.0.1','Mozilla/5.0 (Windows NT 6.1; WOW64; rv:37.0) Gecko/20100101 Firefox/37.0','N'),(678,5,'Manejo de Ofertas','La imagen ha sido agregada: 21801552fcff743a666.41444746.png 10','2015-04-16 09:06:31','127.0.0.1','Mozilla/5.0 (Windows NT 6.1; WOW64; rv:37.0) Gecko/20100101 Firefox/37.0','N'),(679,5,'Manejo de Ofertas','La imagen ha sido agregada: 28846552fcff743e4f7.51322031.png 11','2015-04-16 09:06:31','127.0.0.1','Mozilla/5.0 (Windows NT 6.1; WOW64; rv:37.0) Gecko/20100101 Firefox/37.0','N'),(680,5,'Manejo de Ofertas','La imagen ha sido agregada: 11855552fcff7442378.32861482.png 12','2015-04-16 09:06:31','127.0.0.1','Mozilla/5.0 (Windows NT 6.1; WOW64; rv:37.0) Gecko/20100101 Firefox/37.0','N'),(681,5,'Acceso','Sesión terminada por inactividad.','2015-04-16 09:22:20','127.0.0.1','Mozilla/5.0 (Windows NT 6.1; WOW64; rv:37.0) Gecko/20100101 Firefox/37.0','N'),(682,5,'Acceso','Sesión iniciada.','2015-04-16 09:22:26','127.0.0.1','Mozilla/5.0 (Windows NT 6.1; WOW64; rv:37.0) Gecko/20100101 Firefox/37.0','N'),(683,5,'Manejo de Ofertas','La imagen ha sido agregada: 26420552fd3dea7f9a1.53551908.jpg 1','2015-04-16 09:23:10','127.0.0.1','Mozilla/5.0 (Windows NT 6.1; WOW64; rv:37.0) Gecko/20100101 Firefox/37.0','N'),(684,5,'Manejo de Ofertas','La imagen ha sido agregada: 31069552fd3dea83825.13882543.jpg 2','2015-04-16 09:23:10','127.0.0.1','Mozilla/5.0 (Windows NT 6.1; WOW64; rv:37.0) Gecko/20100101 Firefox/37.0','N'),(685,5,'Manejo de Ofertas','La imagen ha sido agregada: 13010552fd3dea876a5.56524818.jpg 3','2015-04-16 09:23:10','127.0.0.1','Mozilla/5.0 (Windows NT 6.1; WOW64; rv:37.0) Gecko/20100101 Firefox/37.0','N'),(686,5,'Manejo de Ofertas','La imagen ha sido agregada: 20387552fd3dea8b522.47205173.jpg 4','2015-04-16 09:23:10','127.0.0.1','Mozilla/5.0 (Windows NT 6.1; WOW64; rv:37.0) Gecko/20100101 Firefox/37.0','N'),(687,5,'Manejo de Ofertas','La imagen ha sido agregada: 17056552fd3dea8f3a2.61205422.jpg 5','2015-04-16 09:23:10','127.0.0.1','Mozilla/5.0 (Windows NT 6.1; WOW64; rv:37.0) Gecko/20100101 Firefox/37.0','N'),(688,5,'Manejo de Ofertas','La imagen ha sido agregada: 20057552fd3dea93227.59854201.jpg 6','2015-04-16 09:23:10','127.0.0.1','Mozilla/5.0 (Windows NT 6.1; WOW64; rv:37.0) Gecko/20100101 Firefox/37.0','N'),(689,5,'Manejo de Ofertas','La imagen ha sido agregada: 10782552fd3dea970a9.49349663.jpg 7','2015-04-16 09:23:10','127.0.0.1','Mozilla/5.0 (Windows NT 6.1; WOW64; rv:37.0) Gecko/20100101 Firefox/37.0','N'),(690,5,'Manejo de Ofertas','La imagen ha sido agregada: 17151552fd3dea970a4.11781221.jpg 8','2015-04-16 09:23:10','127.0.0.1','Mozilla/5.0 (Windows NT 6.1; WOW64; rv:37.0) Gecko/20100101 Firefox/37.0','N'),(691,5,'Manejo de Ofertas','La imagen ha sido agregada: 26828552fd3dea9af27.43663063.jpg 9','2015-04-16 09:23:10','127.0.0.1','Mozilla/5.0 (Windows NT 6.1; WOW64; rv:37.0) Gecko/20100101 Firefox/37.0','N'),(692,5,'Manejo de Ofertas','La imagen ha sido agregada: 30485552fd3dea9eda4.35699660.jpg 10','2015-04-16 09:23:10','127.0.0.1','Mozilla/5.0 (Windows NT 6.1; WOW64; rv:37.0) Gecko/20100101 Firefox/37.0','N'),(693,5,'Manejo de Ofertas','La imagen ha sido agregada: 18986552fd3deaa2c20.90620815.jpg 11','2015-04-16 09:23:11','127.0.0.1','Mozilla/5.0 (Windows NT 6.1; WOW64; rv:37.0) Gecko/20100101 Firefox/37.0','N'),(694,5,'Manejo de Ofertas','La imagen ha sido agregada: 4123552fd3deaa6ab7.97280270.jpg 12','2015-04-16 09:23:11','127.0.0.1','Mozilla/5.0 (Windows NT 6.1; WOW64; rv:37.0) Gecko/20100101 Firefox/37.0','N'),(695,5,'Manejo de Ofertas','La imagen ha sido agregada: 17848552fd3deaaa932.47994170.jpg 13','2015-04-16 09:23:11','127.0.0.1','Mozilla/5.0 (Windows NT 6.1; WOW64; rv:37.0) Gecko/20100101 Firefox/37.0','N'),(696,5,'Manejo de Ofertas','La imagen ha sido agregada: 28561552fd3deaae7b7.49601289.jpg 14','2015-04-16 09:23:11','127.0.0.1','Mozilla/5.0 (Windows NT 6.1; WOW64; rv:37.0) Gecko/20100101 Firefox/37.0','N'),(697,5,'Manejo de Ofertas','La imagen ha sido agregada: 24310552fd3deab2635.41635031.jpg 15','2015-04-16 09:23:11','127.0.0.1','Mozilla/5.0 (Windows NT 6.1; WOW64; rv:37.0) Gecko/20100101 Firefox/37.0','N'),(698,5,'Manejo de Ofertas','La imagen ha sido agregada: 4855552fd3deab64b2.44740177.jpg 16','2015-04-16 09:23:11','127.0.0.1','Mozilla/5.0 (Windows NT 6.1; WOW64; rv:37.0) Gecko/20100101 Firefox/37.0','N'),(699,5,'Manejo de Ofertas','La imagen ha sido agregada: 1380552fd3deaba336.88186820.jpg 17','2015-04-16 09:23:11','127.0.0.1','Mozilla/5.0 (Windows NT 6.1; WOW64; rv:37.0) Gecko/20100101 Firefox/37.0','N'),(700,5,'Manejo de Ofertas','La imagen ha sido agregada: 29645552fd3deabe1b6.56374654.jpg 18','2015-04-16 09:23:11','127.0.0.1','Mozilla/5.0 (Windows NT 6.1; WOW64; rv:37.0) Gecko/20100101 Firefox/37.0','N'),(701,5,'Manejo de Ofertas','La imagen ha sido agregada: 29826552fd3deac2035.29091980.jpg 19','2015-04-16 09:23:11','127.0.0.1','Mozilla/5.0 (Windows NT 6.1; WOW64; rv:37.0) Gecko/20100101 Firefox/37.0','N'),(702,5,'Manejo de Ofertas','La imagen ha sido agregada: 26515552fd3deac9d30.57925763.jpg 20','2015-04-16 09:23:11','127.0.0.1','Mozilla/5.0 (Windows NT 6.1; WOW64; rv:37.0) Gecko/20100101 Firefox/37.0','N'),(703,5,'Manejo de Ofertas','Imagen : 13 eliminada.','2015-04-16 10:12:23','127.0.0.1','Mozilla/5.0 (Windows NT 6.1; WOW64; rv:37.0) Gecko/20100101 Firefox/37.0','N'),(704,5,'Manejo de Ofertas','Imagen : 18 eliminada.','2015-04-16 10:15:07','127.0.0.1','Mozilla/5.0 (Windows NT 6.1; WOW64; rv:37.0) Gecko/20100101 Firefox/37.0','N'),(705,5,'Manejo de Ofertas','Imagen : 16 eliminada.','2015-04-16 10:15:36','127.0.0.1','Mozilla/5.0 (Windows NT 6.1; WOW64; rv:37.0) Gecko/20100101 Firefox/37.0','N'),(706,5,'Manejo de Ofertas','Imagen : 14 eliminada.','2015-04-16 10:15:38','127.0.0.1','Mozilla/5.0 (Windows NT 6.1; WOW64; rv:37.0) Gecko/20100101 Firefox/37.0','N'),(707,5,'Manejo de Ofertas','Imagen : 17 eliminada.','2015-04-16 10:15:39','127.0.0.1','Mozilla/5.0 (Windows NT 6.1; WOW64; rv:37.0) Gecko/20100101 Firefox/37.0','N'),(708,5,'Manejo de Ofertas','Imagen : 15 eliminada.','2015-04-16 10:15:40','127.0.0.1','Mozilla/5.0 (Windows NT 6.1; WOW64; rv:37.0) Gecko/20100101 Firefox/37.0','N'),(709,5,'Manejo de Ofertas','Imagen : 19 eliminada.','2015-04-16 10:15:41','127.0.0.1','Mozilla/5.0 (Windows NT 6.1; WOW64; rv:37.0) Gecko/20100101 Firefox/37.0','N'),(710,5,'Manejo de Ofertas','Imagen : 7 eliminada.','2015-04-16 10:15:42','127.0.0.1','Mozilla/5.0 (Windows NT 6.1; WOW64; rv:37.0) Gecko/20100101 Firefox/37.0','N'),(711,5,'Manejo de Ofertas','Imagen : 9 eliminada.','2015-04-16 10:15:42','127.0.0.1','Mozilla/5.0 (Windows NT 6.1; WOW64; rv:37.0) Gecko/20100101 Firefox/37.0','N'),(712,5,'Manejo de Ofertas','Imagen : 6 eliminada.','2015-04-16 10:15:43','127.0.0.1','Mozilla/5.0 (Windows NT 6.1; WOW64; rv:37.0) Gecko/20100101 Firefox/37.0','N'),(713,5,'Manejo de Ofertas','Imagen : 11 eliminada.','2015-04-16 10:15:44','127.0.0.1','Mozilla/5.0 (Windows NT 6.1; WOW64; rv:37.0) Gecko/20100101 Firefox/37.0','N'),(714,5,'Manejo de Ofertas','Imagen : 3 eliminada.','2015-04-16 10:15:45','127.0.0.1','Mozilla/5.0 (Windows NT 6.1; WOW64; rv:37.0) Gecko/20100101 Firefox/37.0','N'),(715,5,'Manejo de Ofertas','Imagen : 8 eliminada.','2015-04-16 10:15:46','127.0.0.1','Mozilla/5.0 (Windows NT 6.1; WOW64; rv:37.0) Gecko/20100101 Firefox/37.0','N'),(716,5,'Manejo de Ofertas','Imagen : 2 eliminada.','2015-04-16 10:15:47','127.0.0.1','Mozilla/5.0 (Windows NT 6.1; WOW64; rv:37.0) Gecko/20100101 Firefox/37.0','N'),(717,5,'Manejo de Ofertas','Imagen : 12 eliminada.','2015-04-16 10:15:47','127.0.0.1','Mozilla/5.0 (Windows NT 6.1; WOW64; rv:37.0) Gecko/20100101 Firefox/37.0','N'),(718,5,'Manejo de Ofertas','Imagen : 4 eliminada.','2015-04-16 10:15:48','127.0.0.1','Mozilla/5.0 (Windows NT 6.1; WOW64; rv:37.0) Gecko/20100101 Firefox/37.0','N'),(719,5,'Manejo de Ofertas','Imagen : 10 eliminada.','2015-04-16 10:15:49','127.0.0.1','Mozilla/5.0 (Windows NT 6.1; WOW64; rv:37.0) Gecko/20100101 Firefox/37.0','N'),(720,5,'Manejo de Ofertas','Imagen : 20 eliminada.','2015-04-16 10:15:50','127.0.0.1','Mozilla/5.0 (Windows NT 6.1; WOW64; rv:37.0) Gecko/20100101 Firefox/37.0','N'),(721,5,'Manejo de Ofertas','Imagen : 1 eliminada.','2015-04-16 10:15:51','127.0.0.1','Mozilla/5.0 (Windows NT 6.1; WOW64; rv:37.0) Gecko/20100101 Firefox/37.0','N'),(722,5,'Manejo de Ofertas','Imagen : 5 eliminada.','2015-04-16 10:15:51','127.0.0.1','Mozilla/5.0 (Windows NT 6.1; WOW64; rv:37.0) Gecko/20100101 Firefox/37.0','N'),(723,5,'Manejo de Ofertas','La imagen ha sido agregada: 32054552fe067789370.01011923.jpg 1','2015-04-16 10:16:39','127.0.0.1','Mozilla/5.0 (Windows NT 6.1; WOW64; rv:37.0) Gecko/20100101 Firefox/37.0','N'),(724,5,'Manejo de Ofertas','La imagen ha sido agregada: 29751552fe067791070.35770508.jpg 2','2015-04-16 10:16:39','127.0.0.1','Mozilla/5.0 (Windows NT 6.1; WOW64; rv:37.0) Gecko/20100101 Firefox/37.0','N'),(725,5,'Manejo de Ofertas','La imagen ha sido agregada: 28068552fe067798d71.13907124.jpg 3','2015-04-16 10:16:39','127.0.0.1','Mozilla/5.0 (Windows NT 6.1; WOW64; rv:37.0) Gecko/20100101 Firefox/37.0','N'),(726,5,'Manejo de Ofertas','La imagen ha sido agregada: 22285552fe0677a0a79.52053161.jpg 4','2015-04-16 10:16:39','127.0.0.1','Mozilla/5.0 (Windows NT 6.1; WOW64; rv:37.0) Gecko/20100101 Firefox/37.0','N'),(727,5,'Manejo de Ofertas','La imagen ha sido agregada: 14018552fe0677a48f5.92600697.jpg 5','2015-04-16 10:16:39','127.0.0.1','Mozilla/5.0 (Windows NT 6.1; WOW64; rv:37.0) Gecko/20100101 Firefox/37.0','N'),(728,5,'Manejo de Ofertas','La imagen ha sido agregada: 7379552fe0677ac609.04556612.jpg 6','2015-04-16 10:16:39','127.0.0.1','Mozilla/5.0 (Windows NT 6.1; WOW64; rv:37.0) Gecko/20100101 Firefox/37.0','N'),(729,5,'Manejo de Ofertas','La imagen ha sido agregada: 16400552fe0677b0487.06249520.jpg 7','2015-04-16 10:16:39','127.0.0.1','Mozilla/5.0 (Windows NT 6.1; WOW64; rv:37.0) Gecko/20100101 Firefox/37.0','N'),(730,5,'Manejo de Ofertas','La imagen ha sido agregada: 22281552fe0677b8182.11474833.jpg 8','2015-04-16 10:16:39','127.0.0.1','Mozilla/5.0 (Windows NT 6.1; WOW64; rv:37.0) Gecko/20100101 Firefox/37.0','N'),(731,5,'Manejo de Ofertas','La imagen ha sido agregada: 32014552fe0677bc004.64681388.jpg 9','2015-04-16 10:16:39','127.0.0.1','Mozilla/5.0 (Windows NT 6.1; WOW64; rv:37.0) Gecko/20100101 Firefox/37.0','N'),(732,5,'Manejo de Ofertas','La imagen ha sido agregada: 13103552fe0677bfe86.04145440.jpg 10','2015-04-16 10:16:39','127.0.0.1','Mozilla/5.0 (Windows NT 6.1; WOW64; rv:37.0) Gecko/20100101 Firefox/37.0','N'),(733,5,'Manejo de Ofertas','La imagen ha sido agregada: 19772552fe0677c3d06.60233535.jpg 11','2015-04-16 10:16:39','127.0.0.1','Mozilla/5.0 (Windows NT 6.1; WOW64; rv:37.0) Gecko/20100101 Firefox/37.0','N'),(734,5,'Manejo de Ofertas','La imagen ha sido agregada: 23237552fe0677c7b84.88587829.jpg 12','2015-04-16 10:16:39','127.0.0.1','Mozilla/5.0 (Windows NT 6.1; WOW64; rv:37.0) Gecko/20100101 Firefox/37.0','N'),(735,5,'Manejo de Ofertas','La imagen ha sido agregada: 23578552fe0677cba03.83919087.jpg 13','2015-04-16 10:16:39','127.0.0.1','Mozilla/5.0 (Windows NT 6.1; WOW64; rv:37.0) Gecko/20100101 Firefox/37.0','N'),(736,5,'Manejo de Ofertas','La imagen ha sido agregada: 21323552fe0677cf896.18227533.jpg 14','2015-04-16 10:16:39','127.0.0.1','Mozilla/5.0 (Windows NT 6.1; WOW64; rv:37.0) Gecko/20100101 Firefox/37.0','N'),(737,5,'Manejo de Ofertas','La imagen ha sido agregada: 296552fe0677d3718.92638094.jpg 15','2015-04-16 10:16:39','127.0.0.1','Mozilla/5.0 (Windows NT 6.1; WOW64; rv:37.0) Gecko/20100101 Firefox/37.0','N'),(738,5,'Manejo de Ofertas','La imagen ha sido agregada: 24129552fe0677d7599.04867024.jpg 16','2015-04-16 10:16:39','127.0.0.1','Mozilla/5.0 (Windows NT 6.1; WOW64; rv:37.0) Gecko/20100101 Firefox/37.0','N'),(739,5,'Manejo de Ofertas','La imagen ha sido agregada: 8166552fe0677db418.65491975.jpg 17','2015-04-16 10:16:39','127.0.0.1','Mozilla/5.0 (Windows NT 6.1; WOW64; rv:37.0) Gecko/20100101 Firefox/37.0','N'),(740,5,'Manejo de Ofertas','La imagen ha sido agregada: 22823552fe0677df292.95143129.jpg 18','2015-04-16 10:16:39','127.0.0.1','Mozilla/5.0 (Windows NT 6.1; WOW64; rv:37.0) Gecko/20100101 Firefox/37.0','N'),(741,5,'Manejo de Ofertas','La imagen ha sido agregada: 2004552fe0677e3117.48767036.jpg 19','2015-04-16 10:16:39','127.0.0.1','Mozilla/5.0 (Windows NT 6.1; WOW64; rv:37.0) Gecko/20100101 Firefox/37.0','N'),(742,5,'Manejo de Ofertas','La imagen ha sido agregada: 7549552fe0677e6f90.55532982.jpg 20','2015-04-16 10:16:39','127.0.0.1','Mozilla/5.0 (Windows NT 6.1; WOW64; rv:37.0) Gecko/20100101 Firefox/37.0','N'),(743,5,'Manejo de Ofertas','La imagen ha sido agregada: 13847552fe097ba7394.69520737.jpg 21','2015-04-16 10:17:27','127.0.0.1','Mozilla/5.0 (Windows NT 6.1; WOW64; rv:37.0) Gecko/20100101 Firefox/37.0','N'),(744,5,'Manejo de Ofertas','Imagen : 14 eliminada.','2015-04-16 10:18:01','127.0.0.1','Mozilla/5.0 (Windows NT 6.1; WOW64; rv:37.0) Gecko/20100101 Firefox/37.0','N'),(745,5,'Manejo de Ofertas','Imagen : 17 eliminada.','2015-04-16 10:18:02','127.0.0.1','Mozilla/5.0 (Windows NT 6.1; WOW64; rv:37.0) Gecko/20100101 Firefox/37.0','N'),(746,5,'Manejo de Ofertas','Imagen : 5 eliminada.','2015-04-16 10:18:04','127.0.0.1','Mozilla/5.0 (Windows NT 6.1; WOW64; rv:37.0) Gecko/20100101 Firefox/37.0','N'),(747,5,'Manejo de Ofertas','Imagen : 6 eliminada.','2015-04-16 10:18:06','127.0.0.1','Mozilla/5.0 (Windows NT 6.1; WOW64; rv:37.0) Gecko/20100101 Firefox/37.0','N'),(748,5,'Manejo de Ofertas','Imagen : 4 eliminada.','2015-04-16 10:18:08','127.0.0.1','Mozilla/5.0 (Windows NT 6.1; WOW64; rv:37.0) Gecko/20100101 Firefox/37.0','N'),(749,5,'Manejo de Ofertas','Imagen : 8 eliminada.','2015-04-16 10:18:20','127.0.0.1','Mozilla/5.0 (Windows NT 6.1; WOW64; rv:37.0) Gecko/20100101 Firefox/37.0','N'),(750,5,'Manejo de Ofertas','Imagen : 9 eliminada.','2015-04-16 10:18:29','127.0.0.1','Mozilla/5.0 (Windows NT 6.1; WOW64; rv:37.0) Gecko/20100101 Firefox/37.0','N'),(751,5,'Manejo de Ofertas','Imagen : 20 eliminada.','2015-04-16 10:18:33','127.0.0.1','Mozilla/5.0 (Windows NT 6.1; WOW64; rv:37.0) Gecko/20100101 Firefox/37.0','N'),(752,5,'Manejo de Ofertas','Imagen : 7 eliminada.','2015-04-16 10:18:35','127.0.0.1','Mozilla/5.0 (Windows NT 6.1; WOW64; rv:37.0) Gecko/20100101 Firefox/37.0','N'),(753,5,'Manejo de Ofertas','Imagen : 16 eliminada.','2015-04-16 10:18:37','127.0.0.1','Mozilla/5.0 (Windows NT 6.1; WOW64; rv:37.0) Gecko/20100101 Firefox/37.0','N'),(754,5,'Manejo de Ofertas','Imagen : 13 eliminada.','2015-04-16 10:18:38','127.0.0.1','Mozilla/5.0 (Windows NT 6.1; WOW64; rv:37.0) Gecko/20100101 Firefox/37.0','N'),(755,5,'Manejo de Ofertas','Imagen : 11 eliminada.','2015-04-16 10:18:38','127.0.0.1','Mozilla/5.0 (Windows NT 6.1; WOW64; rv:37.0) Gecko/20100101 Firefox/37.0','N'),(756,5,'Manejo de Ofertas','Imagen : 12 eliminada.','2015-04-16 10:18:39','127.0.0.1','Mozilla/5.0 (Windows NT 6.1; WOW64; rv:37.0) Gecko/20100101 Firefox/37.0','N'),(757,5,'Manejo de Ofertas','Imagen : 15 eliminada.','2015-04-16 10:18:39','127.0.0.1','Mozilla/5.0 (Windows NT 6.1; WOW64; rv:37.0) Gecko/20100101 Firefox/37.0','N'),(758,5,'Manejo de Ofertas','Imagen : 19 eliminada.','2015-04-16 10:18:40','127.0.0.1','Mozilla/5.0 (Windows NT 6.1; WOW64; rv:37.0) Gecko/20100101 Firefox/37.0','N'),(759,5,'Manejo de Ofertas','Imagen : 3 eliminada.','2015-04-16 10:21:40','127.0.0.1','Mozilla/5.0 (Windows NT 6.1; WOW64; rv:37.0) Gecko/20100101 Firefox/37.0','N'),(760,5,'Manejo de Ofertas','Imagen : 1 eliminada.','2015-04-16 10:21:44','127.0.0.1','Mozilla/5.0 (Windows NT 6.1; WOW64; rv:37.0) Gecko/20100101 Firefox/37.0','N'),(761,5,'Manejo de Ofertas','La imagen ha sido agregada: 5749552fe1a2034108.52407573.jpg 22','2015-04-16 10:21:54','127.0.0.1','Mozilla/5.0 (Windows NT 6.1; WOW64; rv:37.0) Gecko/20100101 Firefox/37.0','N'),(762,5,'Manejo de Ofertas','La imagen ha sido agregada: 26122552fe1a2057382.27635639.jpg 23','2015-04-16 10:21:54','127.0.0.1','Mozilla/5.0 (Windows NT 6.1; WOW64; rv:37.0) Gecko/20100101 Firefox/37.0','N'),(763,5,'Manejo de Ofertas','La imagen ha sido agregada: 11899552fe1a205b211.38134320.jpg 24','2015-04-16 10:21:54','127.0.0.1','Mozilla/5.0 (Windows NT 6.1; WOW64; rv:37.0) Gecko/20100101 Firefox/37.0','N'),(764,5,'Manejo de Ofertas','La imagen ha sido agregada: 29848552fe1a205f091.73145661.jpg 25','2015-04-16 10:21:54','127.0.0.1','Mozilla/5.0 (Windows NT 6.1; WOW64; rv:37.0) Gecko/20100101 Firefox/37.0','N'),(765,5,'Manejo de Ofertas','La imagen ha sido agregada: 9457552fe1a2066d98.39543758.jpg 26','2015-04-16 10:21:54','127.0.0.1','Mozilla/5.0 (Windows NT 6.1; WOW64; rv:37.0) Gecko/20100101 Firefox/37.0','N'),(766,5,'Manejo de Ofertas','La imagen ha sido agregada: 22742552fe1a206ea94.80199759.jpg 27','2015-04-16 10:21:54','127.0.0.1','Mozilla/5.0 (Windows NT 6.1; WOW64; rv:37.0) Gecko/20100101 Firefox/37.0','N'),(767,5,'Manejo de Ofertas','La imagen ha sido agregada: 14167552fe1a2072914.78045975.jpg 28','2015-04-16 10:21:54','127.0.0.1','Mozilla/5.0 (Windows NT 6.1; WOW64; rv:37.0) Gecko/20100101 Firefox/37.0','N'),(768,5,'Manejo de Ofertas','La imagen ha sido agregada: 16964552fe1a207a612.95576238.jpg 29','2015-04-16 10:21:54','127.0.0.1','Mozilla/5.0 (Windows NT 6.1; WOW64; rv:37.0) Gecko/20100101 Firefox/37.0','N'),(769,5,'Manejo de Ofertas','La imagen ha sido agregada: 7981552fe1a2082322.02726634.jpg 30','2015-04-16 10:21:54','127.0.0.1','Mozilla/5.0 (Windows NT 6.1; WOW64; rv:37.0) Gecko/20100101 Firefox/37.0','N'),(770,5,'Manejo de Ofertas','La imagen ha sido agregada: 11362552fe1a208a023.58595674.jpg 31','2015-04-16 10:21:54','127.0.0.1','Mozilla/5.0 (Windows NT 6.1; WOW64; rv:37.0) Gecko/20100101 Firefox/37.0','N'),(771,5,'Manejo de Ofertas','La imagen ha sido agregada: 29171552fe1a208dea5.41500259.jpg 32','2015-04-16 10:21:54','127.0.0.1','Mozilla/5.0 (Windows NT 6.1; WOW64; rv:37.0) Gecko/20100101 Firefox/37.0','N'),(772,5,'Manejo de Ofertas','Imagen : 22 eliminada.','2015-04-16 10:22:32','127.0.0.1','Mozilla/5.0 (Windows NT 6.1; WOW64; rv:37.0) Gecko/20100101 Firefox/37.0','N'),(773,5,'Manejo de Ofertas','Imagen : 29 eliminada.','2015-04-16 10:27:29','127.0.0.1','Mozilla/5.0 (Windows NT 6.1; WOW64; rv:37.0) Gecko/20100101 Firefox/37.0','N'),(774,5,'Manejo de Ofertas','Imagen : 21 eliminada.','2015-04-16 10:27:49','127.0.0.1','Mozilla/5.0 (Windows NT 6.1; WOW64; rv:37.0) Gecko/20100101 Firefox/37.0','N'),(775,5,'Manejo de Ofertas','La imagen ha sido agregada: 5089552fe35d7e1086.74505400.png 33','2015-04-16 10:29:17','127.0.0.1','Mozilla/5.0 (Windows NT 6.1; WOW64; rv:37.0) Gecko/20100101 Firefox/37.0','N'),(776,5,'Manejo de Ofertas','La imagen ha sido agregada: 9963552fe4bfd23b56.14964274.jpg 34','2015-04-16 10:35:11','127.0.0.1','Mozilla/5.0 (Windows NT 6.1; WOW64; rv:37.0) Gecko/20100101 Firefox/37.0','N'),(777,5,'Manejo de Ofertas','Imagen : 34 eliminada.','2015-04-16 10:43:57','127.0.0.1','Mozilla/5.0 (Windows NT 6.1; WOW64; rv:37.0) Gecko/20100101 Firefox/37.0','N'),(778,5,'Manejo de Ofertas','La imagen ha sido agregada: 1462552fe89e35fcf2.11694435.png 35','2015-04-16 10:51:42','127.0.0.1','Mozilla/5.0 (Windows NT 6.1; WOW64; rv:37.0) Gecko/20100101 Firefox/37.0','N'),(779,5,'Manejo de Ofertas','La imagen ha sido agregada: 4791552fe89e363b71.85677288.png 36','2015-04-16 10:51:42','127.0.0.1','Mozilla/5.0 (Windows NT 6.1; WOW64; rv:37.0) Gecko/20100101 Firefox/37.0','N'),(780,5,'Manejo de Ofertas','La imagen ha sido agregada: 27172552fe89e3679f2.96883000.png 37','2015-04-16 10:51:42','127.0.0.1','Mozilla/5.0 (Windows NT 6.1; WOW64; rv:37.0) Gecko/20100101 Firefox/37.0','N'),(781,5,'Manejo de Ofertas','Oferta editada: 1|Oferta de algo.','2015-04-16 11:11:56','127.0.0.1','Mozilla/5.0 (Windows NT 6.1; WOW64; rv:37.0) Gecko/20100101 Firefox/37.0','N'),(782,5,'Manejo de Ofertas','Oferta editada: 1|Oferta de algo.','2015-04-16 11:16:22','127.0.0.1','Mozilla/5.0 (Windows NT 6.1; WOW64; rv:37.0) Gecko/20100101 Firefox/37.0','N'),(783,5,'Acceso','Sesión terminada por inactividad.','2015-04-16 11:53:37','127.0.0.1','Mozilla/5.0 (Windows NT 6.1; WOW64; rv:37.0) Gecko/20100101 Firefox/37.0','N'),(784,5,'Acceso','Sesión iniciada.','2015-04-16 11:53:42','127.0.0.1','Mozilla/5.0 (Windows NT 6.1; WOW64; rv:37.0) Gecko/20100101 Firefox/37.0','N'),(785,5,'Acceso','Sesión terminada por inactividad.','2015-04-16 14:46:48','127.0.0.1','Mozilla/5.0 (Windows NT 6.1; WOW64; rv:37.0) Gecko/20100101 Firefox/37.0','N'),(786,5,'Acceso','Sesión iniciada.','2015-04-16 14:46:54','127.0.0.1','Mozilla/5.0 (Windows NT 6.1; WOW64; rv:37.0) Gecko/20100101 Firefox/37.0','N'),(787,5,'Manejo de Ofertas','Error recuperando: ','2015-04-16 14:53:13','127.0.0.1','Mozilla/5.0 (Windows NT 6.1; WOW64; rv:37.0) Gecko/20100101 Firefox/37.0','N'),(788,5,'Manejo de Ofertas','1054: Unknown column \'precio\' in \'field list\'','2015-04-16 14:53:13','127.0.0.1','Mozilla/5.0 (Windows NT 6.1; WOW64; rv:37.0) Gecko/20100101 Firefox/37.0','Y'),(789,5,'Manejo de Ofertas','Error recuperando: ','2015-04-16 14:54:46','127.0.0.1','Mozilla/5.0 (Windows NT 6.1; WOW64; rv:37.0) Gecko/20100101 Firefox/37.0','N'),(790,5,'Manejo de Ofertas','La oferta ha sido agregada: jkjkjkj 5','2015-04-16 14:54:46','127.0.0.1','Mozilla/5.0 (Windows NT 6.1; WOW64; rv:37.0) Gecko/20100101 Firefox/37.0','N'),(791,5,'Manejo de Ofertas','Oferta editada: 1|Oferta de algo.','2015-04-16 14:55:19','127.0.0.1','Mozilla/5.0 (Windows NT 6.1; WOW64; rv:37.0) Gecko/20100101 Firefox/37.0','N'),(792,5,'Manejo de Ofertas','Error recuperando: ','2015-04-16 14:57:06','127.0.0.1','Mozilla/5.0 (Windows NT 6.1; WOW64; rv:37.0) Gecko/20100101 Firefox/37.0','N'),(793,5,'Acceso','Sesión terminada por inactividad.','2015-04-16 15:45:09','127.0.0.1','Mozilla/5.0 (Windows NT 6.1; WOW64; rv:37.0) Gecko/20100101 Firefox/37.0','N'),(794,2,'Acceso','Sesión iniciada.','2015-04-16 16:01:11','127.0.0.1','Mozilla/5.0 (Windows NT 6.1; WOW64; rv:37.0) Gecko/20100101 Firefox/37.0','N'),(795,2,'Manejo de categorías','La categoría ha sido agregada: asdfasdf 8','2015-04-16 16:01:39','127.0.0.1','Mozilla/5.0 (Windows NT 6.1; WOW64; rv:37.0) Gecko/20100101 Firefox/37.0','N'),(796,2,'Manejo de categorías','La categoría ha sido agregada: hbjhkjhkh 9','2015-04-16 16:01:46','127.0.0.1','Mozilla/5.0 (Windows NT 6.1; WOW64; rv:37.0) Gecko/20100101 Firefox/37.0','N'),(797,2,'Manejo de categorías','La categoría ha sido agregada: hjhkjhk 10','2015-04-16 16:01:50','127.0.0.1','Mozilla/5.0 (Windows NT 6.1; WOW64; rv:37.0) Gecko/20100101 Firefox/37.0','N'),(798,2,'Manejo de categorías','La categoría ha sido agregada: fghfghf 11','2015-04-16 16:01:54','127.0.0.1','Mozilla/5.0 (Windows NT 6.1; WOW64; rv:37.0) Gecko/20100101 Firefox/37.0','N'),(799,2,'Manejo de categorías','La categoría ha sido agregada: fjhgjhg 12','2015-04-16 16:01:59','127.0.0.1','Mozilla/5.0 (Windows NT 6.1; WOW64; rv:37.0) Gecko/20100101 Firefox/37.0','N'),(800,2,'Manejo de categorías','La categoría ha sido agregada: fhjgfjhgf 13','2015-04-16 16:02:02','127.0.0.1','Mozilla/5.0 (Windows NT 6.1; WOW64; rv:37.0) Gecko/20100101 Firefox/37.0','N'),(801,2,'Manejo de categorías','La categoría ha sido agregada: fjhgfjhgfjhgf 14','2015-04-16 16:02:07','127.0.0.1','Mozilla/5.0 (Windows NT 6.1; WOW64; rv:37.0) Gecko/20100101 Firefox/37.0','N'),(802,2,'Manejo de categorías','La categoría ha sido agregada: hkjhk 15','2015-04-16 16:04:29','127.0.0.1','Mozilla/5.0 (Windows NT 6.1; WOW64; rv:37.0) Gecko/20100101 Firefox/37.0','N'),(803,2,'Manejo de categorías','Categoría desactivada: 11.','2015-04-16 16:09:14','127.0.0.1','Mozilla/5.0 (Windows NT 6.1; WOW64; rv:37.0) Gecko/20100101 Firefox/37.0','N'),(804,2,'Acceso','Sesión terminada.','2015-04-16 16:14:16','127.0.0.1','Mozilla/5.0 (Windows NT 6.1; WOW64; rv:37.0) Gecko/20100101 Firefox/37.0','N'),(805,5,'Acceso','Sesión iniciada.','2015-04-16 16:14:24','127.0.0.1','Mozilla/5.0 (Windows NT 6.1; WOW64; rv:37.0) Gecko/20100101 Firefox/37.0','N'),(806,5,'Acceso','Sesión terminada.','2015-04-16 16:15:01','127.0.0.1','Mozilla/5.0 (Windows NT 6.1; WOW64; rv:37.0) Gecko/20100101 Firefox/37.0','N'),(807,2,'Acceso','Sesión iniciada.','2015-04-16 16:15:06','127.0.0.1','Mozilla/5.0 (Windows NT 6.1; WOW64; rv:37.0) Gecko/20100101 Firefox/37.0','N'),(808,2,'Manejo de Usuarios','Nuevo usuario agregado: kdkdkdkd.','2015-04-16 16:27:04','127.0.0.1','Mozilla/5.0 (Windows NT 6.1; WOW64; rv:37.0) Gecko/20100101 Firefox/37.0','N'),(809,2,'Acceso','Sesión terminada por inactividad.','2015-04-17 06:18:51','127.0.0.1','Mozilla/5.0 (Windows NT 6.1; WOW64; rv:37.0) Gecko/20100101 Firefox/37.0','N'),(810,2,'Acceso','Sesión iniciada.','2015-04-17 06:18:56','127.0.0.1','Mozilla/5.0 (Windows NT 6.1; WOW64; rv:37.0) Gecko/20100101 Firefox/37.0','N'),(811,2,'Acceso','Sesión terminada por inactividad.','2015-04-17 07:31:59','127.0.0.1','Mozilla/5.0 (Windows NT 6.1; WOW64; rv:37.0) Gecko/20100101 Firefox/37.0','N'),(812,2,'Acceso','Sesión iniciada.','2015-04-17 07:32:07','127.0.0.1','Mozilla/5.0 (Windows NT 6.1; WOW64; rv:37.0) Gecko/20100101 Firefox/37.0','N'),(813,2,'Manejo de Usuarios','Rol del usuario modificado. : 4.','2015-04-17 07:45:10','127.0.0.1','Mozilla/5.0 (Windows NT 6.1; WOW64; rv:37.0) Gecko/20100101 Firefox/37.0','N'),(814,2,'Manejo de Usuarios','Rol del usuario modificado. : 4.','2015-04-17 07:45:10','127.0.0.1','Mozilla/5.0 (Windows NT 6.1; WOW64; rv:37.0) Gecko/20100101 Firefox/37.0','N'),(815,2,'Manejo de Usuarios','Rol del usuario modificado. : 4.','2015-04-17 07:45:19','127.0.0.1','Mozilla/5.0 (Windows NT 6.1; WOW64; rv:37.0) Gecko/20100101 Firefox/37.0','N'),(816,2,'Manejo de Usuarios','Rol del usuario modificado. : 4.','2015-04-17 07:45:19','127.0.0.1','Mozilla/5.0 (Windows NT 6.1; WOW64; rv:37.0) Gecko/20100101 Firefox/37.0','N'),(817,2,'Manejo de Usuarios','Rol del usuario modificado. : 4.','2015-04-17 07:45:27','127.0.0.1','Mozilla/5.0 (Windows NT 6.1; WOW64; rv:37.0) Gecko/20100101 Firefox/37.0','N'),(818,2,'Manejo de Usuarios','Rol del usuario modificado. : 4.','2015-04-17 07:45:27','127.0.0.1','Mozilla/5.0 (Windows NT 6.1; WOW64; rv:37.0) Gecko/20100101 Firefox/37.0','N'),(819,2,'Manejo de Usuarios','Permiso del usuario modificado: 4, permiso: 1','2015-04-17 07:51:40','127.0.0.1','Mozilla/5.0 (Windows NT 6.1; WOW64; rv:37.0) Gecko/20100101 Firefox/37.0','N'),(820,2,'Manejo de Usuarios','Permiso del usuario modificado: 4, permiso: 10','2015-04-17 07:51:40','127.0.0.1','Mozilla/5.0 (Windows NT 6.1; WOW64; rv:37.0) Gecko/20100101 Firefox/37.0','N'),(821,2,'Manejo de Usuarios','Permiso del usuario modificado: 4, permiso: 8','2015-04-17 07:51:40','127.0.0.1','Mozilla/5.0 (Windows NT 6.1; WOW64; rv:37.0) Gecko/20100101 Firefox/37.0','N'),(822,2,'Manejo de Usuarios','Permiso del usuario modificado: 4, permiso: 7','2015-04-17 07:51:40','127.0.0.1','Mozilla/5.0 (Windows NT 6.1; WOW64; rv:37.0) Gecko/20100101 Firefox/37.0','N'),(823,2,'Manejo de Usuarios','Permiso del usuario modificado: 4, permiso: 11','2015-04-17 07:51:40','127.0.0.1','Mozilla/5.0 (Windows NT 6.1; WOW64; rv:37.0) Gecko/20100101 Firefox/37.0','N'),(824,2,'Manejo de Usuarios','Permiso del usuario modificado: 4, permiso: 12','2015-04-17 07:51:40','127.0.0.1','Mozilla/5.0 (Windows NT 6.1; WOW64; rv:37.0) Gecko/20100101 Firefox/37.0','N'),(825,2,'Manejo de Usuarios','Permiso del usuario modificado: 4, permiso: 2','2015-04-17 07:51:40','127.0.0.1','Mozilla/5.0 (Windows NT 6.1; WOW64; rv:37.0) Gecko/20100101 Firefox/37.0','N'),(826,2,'Manejo de Usuarios','Permiso del usuario modificado: 4, permiso: 3','2015-04-17 07:51:40','127.0.0.1','Mozilla/5.0 (Windows NT 6.1; WOW64; rv:37.0) Gecko/20100101 Firefox/37.0','N'),(827,2,'Manejo de Usuarios','Permiso del usuario modificado: 4, permiso: 4','2015-04-17 07:51:40','127.0.0.1','Mozilla/5.0 (Windows NT 6.1; WOW64; rv:37.0) Gecko/20100101 Firefox/37.0','N'),(828,2,'Manejo de Usuarios','Usuario activado: 4.','2015-04-17 07:58:28','127.0.0.1','Mozilla/5.0 (Windows NT 6.1; WOW64; rv:37.0) Gecko/20100101 Firefox/37.0','N'),(829,2,'Manejo de roles','El rol ha sido editado : 1.','2015-04-17 08:19:57','127.0.0.1','Mozilla/5.0 (Windows NT 6.1; WOW64; rv:37.0) Gecko/20100101 Firefox/37.0','N'),(830,2,'Manejo de roles','El rol ha sido editado : 1.','2015-04-17 08:20:09','127.0.0.1','Mozilla/5.0 (Windows NT 6.1; WOW64; rv:37.0) Gecko/20100101 Firefox/37.0','N'),(831,2,'Manejo de roles','El rol ha sido agregado: nuevo','2015-04-17 08:20:52','127.0.0.1','Mozilla/5.0 (Windows NT 6.1; WOW64; rv:37.0) Gecko/20100101 Firefox/37.0','N'),(832,2,'Manejo de roles','Se ha eliminado el rol: 5.','2015-04-17 08:21:04','127.0.0.1','Mozilla/5.0 (Windows NT 6.1; WOW64; rv:37.0) Gecko/20100101 Firefox/37.0','N'),(833,2,'Manejo de roles','Se han eliminado las asignaciones de este rol a los usuarios: 5.','2015-04-17 08:21:04','127.0.0.1','Mozilla/5.0 (Windows NT 6.1; WOW64; rv:37.0) Gecko/20100101 Firefox/37.0','N'),(834,2,'Manejo de roles','Se han eliminado las asignaciones de este rol a los permisos: 5.','2015-04-17 08:21:04','127.0.0.1','Mozilla/5.0 (Windows NT 6.1; WOW64; rv:37.0) Gecko/20100101 Firefox/37.0','N'),(835,2,'Manejo de permisos','El permiso ha sido editado : 12.','2015-04-17 08:31:13','127.0.0.1','Mozilla/5.0 (Windows NT 6.1; WOW64; rv:37.0) Gecko/20100101 Firefox/37.0','N'),(836,2,'Manejo de permisos','El permiso ha sido editado : 12.','2015-04-17 08:31:30','127.0.0.1','Mozilla/5.0 (Windows NT 6.1; WOW64; rv:37.0) Gecko/20100101 Firefox/37.0','N'),(837,2,'Manejo de permisos','El permiso ha sido agregado: borrar borrar_ahora','2015-04-17 08:31:45','127.0.0.1','Mozilla/5.0 (Windows NT 6.1; WOW64; rv:37.0) Gecko/20100101 Firefox/37.0','N'),(838,2,'Manejo de permisos','Se ha eliminado el permiso: 13.','2015-04-17 08:31:53','127.0.0.1','Mozilla/5.0 (Windows NT 6.1; WOW64; rv:37.0) Gecko/20100101 Firefox/37.0','N'),(839,2,'Manejo de permisos','Se han eliminado las asignaciones de este permiso a los roles: 13.','2015-04-17 08:31:53','127.0.0.1','Mozilla/5.0 (Windows NT 6.1; WOW64; rv:37.0) Gecko/20100101 Firefox/37.0','N'),(840,2,'Manejo de permisos','Se han eliminado las asignaciones de este permiso a los usuarios: 13.','2015-04-17 08:31:53','127.0.0.1','Mozilla/5.0 (Windows NT 6.1; WOW64; rv:37.0) Gecko/20100101 Firefox/37.0','N'),(841,2,'Manejo de categorías','La categoría ha sido agregada: ñandú 16','2015-04-17 08:35:12','127.0.0.1','Mozilla/5.0 (Windows NT 6.1; WOW64; rv:37.0) Gecko/20100101 Firefox/37.0','N'),(842,2,'Manejo de categorías','Categoría editada: 8|asdfasdf123.','2015-04-17 08:37:47','127.0.0.1','Mozilla/5.0 (Windows NT 6.1; WOW64; rv:37.0) Gecko/20100101 Firefox/37.0','N'),(843,2,'Manejo de categorías','Categoría desactivada: 8.','2015-04-17 08:42:06','127.0.0.1','Mozilla/5.0 (Windows NT 6.1; WOW64; rv:37.0) Gecko/20100101 Firefox/37.0','N'),(844,2,'Manejo de empresas','Empresa activada: 1.','2015-04-17 08:47:58','127.0.0.1','Mozilla/5.0 (Windows NT 6.1; WOW64; rv:37.0) Gecko/20100101 Firefox/37.0','N'),(845,2,'Manejo de Métodos de Pago','Método desactivado: 4.','2015-04-17 08:49:54','127.0.0.1','Mozilla/5.0 (Windows NT 6.1; WOW64; rv:37.0) Gecko/20100101 Firefox/37.0','N'),(846,2,'Manejo de Métodos de Pago','Método desactivado: 5.','2015-04-17 08:50:17','127.0.0.1','Mozilla/5.0 (Windows NT 6.1; WOW64; rv:37.0) Gecko/20100101 Firefox/37.0','N'),(847,2,'Manejo de Métodos de Pago','Método activado: 4.','2015-04-17 08:50:24','127.0.0.1','Mozilla/5.0 (Windows NT 6.1; WOW64; rv:37.0) Gecko/20100101 Firefox/37.0','N'),(848,2,'Manejo de Métodos de Pago','Método activado: 5.','2015-04-17 08:50:32','127.0.0.1','Mozilla/5.0 (Windows NT 6.1; WOW64; rv:37.0) Gecko/20100101 Firefox/37.0','N'),(849,2,'Manejo de Métodos de Pago','Método activado: 2.','2015-04-17 08:50:39','127.0.0.1','Mozilla/5.0 (Windows NT 6.1; WOW64; rv:37.0) Gecko/20100101 Firefox/37.0','N'),(850,2,'Manejo de Métodos de Pago','Método desactivado: 4.','2015-04-17 08:50:45','127.0.0.1','Mozilla/5.0 (Windows NT 6.1; WOW64; rv:37.0) Gecko/20100101 Firefox/37.0','N'),(851,2,'Manejo de Métodos de Pago','Error recuperando: Error en la base de datos. 0: ','2015-04-17 08:57:25','127.0.0.1','Mozilla/5.0 (Windows NT 6.1; WOW64; rv:37.0) Gecko/20100101 Firefox/37.0','N'),(852,2,'Manejo de Métodos de Pago','El método ha sido agregado: jfjfjfjf 7','2015-04-17 08:57:25','127.0.0.1','Mozilla/5.0 (Windows NT 6.1; WOW64; rv:37.0) Gecko/20100101 Firefox/37.0','N'),(853,2,'Acceso','Sesión iniciada.','2015-04-17 09:01:43','127.0.0.1','Mozilla/5.0 (Windows NT 6.1; WOW64) AppleWebKit/537.36 (KHTML, like Gecko) Chrome/41.0.2272.118 Safari/537.36 OPR/28.0.1750.51','N'),(854,2,'Manejo de Métodos de Pago','Método editado: 7|jfjfjfjf123.','2015-04-17 09:02:11','127.0.0.1','Mozilla/5.0 (Windows NT 6.1; WOW64; rv:37.0) Gecko/20100101 Firefox/37.0','N'),(855,2,'Manejo de Métodos de Pago','Método editado: 7|jfjfjfjf123.','2015-04-17 09:03:01','127.0.0.1','Mozilla/5.0 (Windows NT 6.1; WOW64; rv:37.0) Gecko/20100101 Firefox/37.0','N'),(856,2,'Acceso','Sesión terminada.','2015-04-17 09:21:05','127.0.0.1','Mozilla/5.0 (Windows NT 6.1; WOW64; rv:37.0) Gecko/20100101 Firefox/37.0','N'),(857,5,'Acceso','Sesión iniciada.','2015-04-17 09:23:57','127.0.0.1','Mozilla/5.0 (Windows NT 6.1; WOW64; rv:37.0) Gecko/20100101 Firefox/37.0','N'),(858,5,'Manejo de empresas','Método de pago modificado para la empresa: 3 Método: 5','2015-04-17 10:03:28','127.0.0.1','Mozilla/5.0 (Windows NT 6.1; WOW64; rv:37.0) Gecko/20100101 Firefox/37.0','N'),(859,5,'Manejo de empresas','Empresa editada: 3|Koalas.','2015-04-17 10:03:28','127.0.0.1','Mozilla/5.0 (Windows NT 6.1; WOW64; rv:37.0) Gecko/20100101 Firefox/37.0','N'),(860,5,'Manejo de Ofertas','Error recuperando: ','2015-04-17 10:27:44','127.0.0.1','Mozilla/5.0 (Windows NT 6.1; WOW64; rv:37.0) Gecko/20100101 Firefox/37.0','N'),(861,5,'Manejo de Ofertas','La oferta ha sido agregada: Una tercera oferta 6','2015-04-17 10:27:44','127.0.0.1','Mozilla/5.0 (Windows NT 6.1; WOW64; rv:37.0) Gecko/20100101 Firefox/37.0','N'),(862,5,'Manejo de Ofertas','Oferta editada: 6|Una tercera oferta   147.','2015-04-17 10:39:30','127.0.0.1','Mozilla/5.0 (Windows NT 6.1; WOW64; rv:37.0) Gecko/20100101 Firefox/37.0','N'),(863,5,'Manejo de Ofertas','Oferta activada: 6.','2015-04-17 10:42:18','127.0.0.1','Mozilla/5.0 (Windows NT 6.1; WOW64; rv:37.0) Gecko/20100101 Firefox/37.0','N'),(864,5,'Manejo de Ofertas','Oferta desactivada: 6.','2015-04-17 10:42:28','127.0.0.1','Mozilla/5.0 (Windows NT 6.1; WOW64; rv:37.0) Gecko/20100101 Firefox/37.0','N'),(865,5,'Manejo de Ofertas','Oferta activada: 1.','2015-04-17 10:43:58','127.0.0.1','Mozilla/5.0 (Windows NT 6.1; WOW64; rv:37.0) Gecko/20100101 Firefox/37.0','N'),(866,5,'Acceso','Sesión terminada.','2015-04-17 10:48:08','127.0.0.1','Mozilla/5.0 (Windows NT 6.1; WOW64; rv:37.0) Gecko/20100101 Firefox/37.0','N'),(867,2,'Acceso','Sesión iniciada.','2015-04-17 10:48:13','127.0.0.1','Mozilla/5.0 (Windows NT 6.1; WOW64; rv:37.0) Gecko/20100101 Firefox/37.0','N'),(868,2,'Acceso','Sesión terminada.','2015-04-17 10:49:18','127.0.0.1','Mozilla/5.0 (Windows NT 6.1; WOW64; rv:37.0) Gecko/20100101 Firefox/37.0','N'),(869,5,'Acceso','Sesión iniciada.','2015-04-17 10:49:23','127.0.0.1','Mozilla/5.0 (Windows NT 6.1; WOW64; rv:37.0) Gecko/20100101 Firefox/37.0','N'),(870,5,'Manejo de Ofertas','Imagen : 23 eliminada.','2015-04-17 10:59:13','127.0.0.1','Mozilla/5.0 (Windows NT 6.1; WOW64; rv:37.0) Gecko/20100101 Firefox/37.0','N'),(871,5,'Acceso','Sesión terminada.','2015-04-17 11:05:17','127.0.0.1','Mozilla/5.0 (Windows NT 6.1; WOW64; rv:37.0) Gecko/20100101 Firefox/37.0','N'),(872,2,'Acceso','Sesión iniciada.','2015-04-17 11:05:21','127.0.0.1','Mozilla/5.0 (Windows NT 6.1; WOW64; rv:37.0) Gecko/20100101 Firefox/37.0','N'),(873,2,'Acceso','Sesión terminada.','2015-04-17 11:07:43','127.0.0.1','Mozilla/5.0 (Windows NT 6.1; WOW64; rv:37.0) Gecko/20100101 Firefox/37.0','N'),(874,5,'Acceso','Sesión iniciada.','2015-04-17 11:07:48','127.0.0.1','Mozilla/5.0 (Windows NT 6.1; WOW64; rv:37.0) Gecko/20100101 Firefox/37.0','N'),(875,5,'Manejo de Ofertas','Imagen : 18 eliminada.','2015-04-17 11:08:00','127.0.0.1','Mozilla/5.0 (Windows NT 6.1; WOW64; rv:37.0) Gecko/20100101 Firefox/37.0','N');
/*!40000 ALTER TABLE `registro` ENABLE KEYS */;
UNLOCK TABLES;

--
-- Table structure for table `rol`
--

DROP TABLE IF EXISTS `rol`;
/*!40101 SET @saved_cs_client     = @@character_set_client */;
/*!40101 SET character_set_client = utf8 */;
CREATE TABLE `rol` (
  `rol_id` int(10) unsigned NOT NULL AUTO_INCREMENT COMMENT 'Un idendificador autoincremental y arbitrario para la tabla.',
  `nombre` varchar(45) NOT NULL COMMENT 'Nombre del rol.',
  PRIMARY KEY (`rol_id`)
) ENGINE=InnoDB AUTO_INCREMENT=6 DEFAULT CHARSET=utf8 COMMENT='Tabla de almacenamiento de los roles.';
/*!40101 SET character_set_client = @saved_cs_client */;

--
-- Dumping data for table `rol`
--

LOCK TABLES `rol` WRITE;
/*!40000 ALTER TABLE `rol` DISABLE KEYS */;
INSERT INTO `rol` VALUES (1,'Administrador'),(4,'Empresario');
/*!40000 ALTER TABLE `rol` ENABLE KEYS */;
UNLOCK TABLES;

--
-- Table structure for table `rol_permiso`
--

DROP TABLE IF EXISTS `rol_permiso`;
/*!40101 SET @saved_cs_client     = @@character_set_client */;
/*!40101 SET character_set_client = utf8 */;
CREATE TABLE `rol_permiso` (
  `rol_permiso_id` int(10) unsigned NOT NULL AUTO_INCREMENT,
  `rol_id` int(10) unsigned NOT NULL COMMENT 'Id del rol.',
  `permiso_id` int(10) unsigned NOT NULL COMMENT 'Id del permiso.',
  `valor` tinyint(1) NOT NULL COMMENT 'Valor que representa si el rol tiene un permiso o no tiene permiso o no lo tiene asignado.',
  `fecha` datetime NOT NULL DEFAULT CURRENT_TIMESTAMP COMMENT 'Fecha de la creación/modificación.',
  PRIMARY KEY (`rol_permiso_id`),
  KEY `fk_rol_id_idx` (`rol_id`),
  KEY `fk_permiso_id_idx` (`permiso_id`),
  CONSTRAINT `fk_permiso_id_rol_permiso` FOREIGN KEY (`permiso_id`) REFERENCES `permiso` (`permiso_id`) ON DELETE CASCADE ON UPDATE CASCADE,
  CONSTRAINT `fk_rol_id_rol_permiso` FOREIGN KEY (`rol_id`) REFERENCES `rol` (`rol_id`) ON DELETE CASCADE ON UPDATE CASCADE
) ENGINE=InnoDB AUTO_INCREMENT=345 DEFAULT CHARSET=utf8 COMMENT='Esta tabla almacena las asignaciones de permisos a roles.';
/*!40101 SET character_set_client = @saved_cs_client */;

--
-- Dumping data for table `rol_permiso`
--

LOCK TABLES `rol_permiso` WRITE;
/*!40000 ALTER TABLE `rol_permiso` DISABLE KEYS */;
INSERT INTO `rol_permiso` VALUES (325,4,1,1,'2015-04-14 07:35:52'),(326,4,7,1,'2015-04-14 07:35:52'),(327,4,12,1,'2015-04-14 07:35:52'),(334,1,1,1,'2015-04-17 08:20:09'),(335,1,10,1,'2015-04-17 08:20:09'),(336,1,8,1,'2015-04-17 08:20:09'),(337,1,11,1,'2015-04-17 08:20:09'),(338,1,2,1,'2015-04-17 08:20:09'),(339,1,3,1,'2015-04-17 08:20:09'),(340,1,4,1,'2015-04-17 08:20:09');
/*!40000 ALTER TABLE `rol_permiso` ENABLE KEYS */;
UNLOCK TABLES;

--
-- Table structure for table `rol_usuario`
--

DROP TABLE IF EXISTS `rol_usuario`;
/*!40101 SET @saved_cs_client     = @@character_set_client */;
/*!40101 SET character_set_client = utf8 */;
CREATE TABLE `rol_usuario` (
  `rol_usuario_id` int(10) unsigned NOT NULL AUTO_INCREMENT COMMENT 'Un idendificador autoincremental y arbitrario para la tabla.',
  `usuario_id` int(10) unsigned NOT NULL COMMENT 'Id del usuario.',
  `rol_id` int(10) unsigned NOT NULL COMMENT 'Id del rol.',
  `fecha` datetime NOT NULL DEFAULT CURRENT_TIMESTAMP COMMENT 'Fecha en que se crea/modifica.',
  PRIMARY KEY (`rol_usuario_id`),
  KEY `fk_usuario_id_idx` (`usuario_id`),
  KEY `fk_rol_id_idx` (`rol_id`),
  CONSTRAINT `fk_rol_id_rol_usuario` FOREIGN KEY (`rol_id`) REFERENCES `rol` (`rol_id`) ON DELETE CASCADE ON UPDATE CASCADE,
  CONSTRAINT `fk_usuario_id_rol_usuario` FOREIGN KEY (`usuario_id`) REFERENCES `usuario` (`usuario_id`) ON DELETE CASCADE ON UPDATE CASCADE
) ENGINE=InnoDB AUTO_INCREMENT=24 DEFAULT CHARSET=utf8 COMMENT='Acá se almacenan las asignaciones de roles a usuarios.';
/*!40101 SET character_set_client = @saved_cs_client */;

--
-- Dumping data for table `rol_usuario`
--

LOCK TABLES `rol_usuario` WRITE;
/*!40000 ALTER TABLE `rol_usuario` DISABLE KEYS */;
INSERT INTO `rol_usuario` VALUES (18,2,1,'2015-04-09 09:37:13'),(19,5,4,'2015-04-09 10:48:39'),(23,4,4,'2015-04-17 07:45:27');
/*!40000 ALTER TABLE `rol_usuario` ENABLE KEYS */;
UNLOCK TABLES;

--
-- Table structure for table `sesion`
--

DROP TABLE IF EXISTS `sesion`;
/*!40101 SET @saved_cs_client     = @@character_set_client */;
/*!40101 SET character_set_client = utf8 */;
CREATE TABLE `sesion` (
  `sesion_id` varchar(50) NOT NULL COMMENT 'Identificador de la sesión.',
  `usuario_id` int(10) unsigned NOT NULL COMMENT 'Id del usuario.',
  `uacceso` datetime NOT NULL COMMENT 'Últma fecha de modificación.',
  `datos` text NOT NULL COMMENT 'Datos de la sesión.',
  PRIMARY KEY (`sesion_id`),
  KEY `fk_usuario_id_idx` (`usuario_id`),
  CONSTRAINT `fk_usuario_id_sesion` FOREIGN KEY (`usuario_id`) REFERENCES `usuario` (`usuario_id`) ON DELETE CASCADE ON UPDATE CASCADE
) ENGINE=InnoDB DEFAULT CHARSET=utf8 COMMENT='Contiene las sesiones de los usuarios.';
/*!40101 SET character_set_client = @saved_cs_client */;

--
-- Dumping data for table `sesion`
--

LOCK TABLES `sesion` WRITE;
/*!40000 ALTER TABLE `sesion` DISABLE KEYS */;
INSERT INTO `sesion` VALUES ('u2hnmlckiekf8n45r7b59ifms7',5,'2015-04-17 11:21:53','{\"navegador\":\"Mozilla\\/5.0 (Windows NT 6.1; WOW64; rv:37.0) Gecko\\/20100101 Firefox\\/37.0\",\"ip\":\"127.0.0.1\"}');
/*!40000 ALTER TABLE `sesion` ENABLE KEYS */;
UNLOCK TABLES;

--
-- Table structure for table `usuario`
--

DROP TABLE IF EXISTS `usuario`;
/*!40101 SET @saved_cs_client     = @@character_set_client */;
/*!40101 SET character_set_client = utf8 */;
CREATE TABLE `usuario` (
  `usuario_id` int(10) unsigned NOT NULL AUTO_INCREMENT COMMENT 'Un idendificador autoincremental y arbitrario para la tabla.',
  `usuario` varchar(50) NOT NULL COMMENT 'Nombre del usuario.',
  `clave` varchar(128) NOT NULL COMMENT 'Hash de la clave del usuario.',
  `correo` varchar(100) NOT NULL COMMENT 'Correo del usuario.',
  `uacceso` datetime NOT NULL DEFAULT CURRENT_TIMESTAMP COMMENT 'Última vez que accedió al sistema.',
  `estado` enum('Y','N') NOT NULL COMMENT 'Si está activo Y, si no lo está N.',
  `usesion` datetime NOT NULL DEFAULT CURRENT_TIMESTAMP,
  `intento` tinyint(4) NOT NULL,
  PRIMARY KEY (`usuario_id`)
) ENGINE=InnoDB AUTO_INCREMENT=7 DEFAULT CHARSET=utf8 COMMENT='Tabla que almacena los datos básicos del usuario para que pueda autenticarse en el sistema.';
/*!40101 SET character_set_client = @saved_cs_client */;

--
-- Dumping data for table `usuario`
--

LOCK TABLES `usuario` WRITE;
/*!40000 ALTER TABLE `usuario` DISABLE KEYS */;
INSERT INTO `usuario` VALUES (0,'','','','2015-04-06 11:02:56','N','2015-04-07 10:21:16',0),(1,'usuario123','clave123','asdf@asdf.com','2015-04-07 09:12:53','N','2015-04-07 09:12:53',0),(2,'edrperez','c0716db9d4710535f9ed79ab862b5f2275ca6092','edrperez@gmail.com','2015-04-17 11:05:21','Y','2015-04-17 11:07:43',0),(3,'julio','julio99','asdf64@asdf.com','2015-04-07 09:15:47','N','2015-04-07 09:15:47',0),(4,'asdfasdf','f883e55deb147c2f0d4b89902b1ed9963991d29a','asdf@localhost.com','2015-04-07 11:37:55','Y','2015-04-07 11:37:58',0),(5,'publicista','f933e7e56ab77231962e288fb3d211c575b6c221','publicista@empresa.com','2015-04-17 11:07:48','Y','2015-04-17 11:21:53',0),(6,'kdkdkdkd','16c8577b2a6166460cee1a1645108b610dbd9ba7','asdf@jfjfjf.com','2015-04-16 16:27:04','Y','2015-04-16 16:27:04',0);
/*!40000 ALTER TABLE `usuario` ENABLE KEYS */;
UNLOCK TABLES;

--
-- Dumping events for database 'ofertasgt'
--

--
-- Dumping routines for database 'ofertasgt'
--
/*!40103 SET TIME_ZONE=@OLD_TIME_ZONE */;

/*!40101 SET SQL_MODE=@OLD_SQL_MODE */;
/*!40014 SET FOREIGN_KEY_CHECKS=@OLD_FOREIGN_KEY_CHECKS */;
/*!40014 SET UNIQUE_CHECKS=@OLD_UNIQUE_CHECKS */;
/*!40101 SET CHARACTER_SET_CLIENT=@OLD_CHARACTER_SET_CLIENT */;
/*!40101 SET CHARACTER_SET_RESULTS=@OLD_CHARACTER_SET_RESULTS */;
/*!40101 SET COLLATION_CONNECTION=@OLD_COLLATION_CONNECTION */;
/*!40111 SET SQL_NOTES=@OLD_SQL_NOTES */;

-- Dump completed on 2015-04-17 11:56:18
